,0,1,2,3,4,5,6,7,8,9,10,11,12,13,14,15,16,17,18,19,20,21,22,23,24,25,26,27,28,29,30,31,32,33,34,35,36,37,38,39,40,41,42,43,44,45,46,47,48,49,50,51,52,53,54,55,56,57,58,59,60,61,62,63,64,65,66,67,68,69,70,71,72,73,74,75,76,77,78,79,80,81,82,83,84,85,86,87,88,89,90,91,92,93,94,95,96,97,98,99,100,101,102,103,104,105,106,107,108,109,110,111,112,113,114,115,116,117,118,119,120,121,122,123,124,125,126,127,128,129,130,131,132,133,134,135,136,137,138,139,140,141,142,143,144,145,146,147,148,149,150,151,152,153,154,155,156,157,158,159,160,161,162,163,164,165,166,167,168,169,170,171,172,173,174,175,176,177,178,179,180,181,182,183,184,185,186,187,188,189,190,191,192,193,194,195,196,197,198,199,200,201,202,203,204,205,206,207,208,209,210,211,212,213,214,215,216,217,218,219,220,221,222,223,224,225,226,227,228,229,230,231,232,233,234,235,236,237,238,239,240,241,242,243,244,245,246,247,248,249,250,251,252,253,254,255,256,257,258,259,260,261,262,263,264,265,266,267,268,269,270
0,35.0,44.0,12.0,30.0,1.0,16.0,0.0,27.0,21.0,19.0,7.0,16.0,15.0,17.0,17.0,52.0,36.0,36.0,0.0,-2.0,-28.0,-5.0,-45.0,-3.0,-6.0,0.0,-6.0,-4.0,-10.0,-12.0,-1.0,0.0,0.0,0.0,-16.0,0.0,-5.0,0.0,0.0,-5.0,0.0,1.0,0.0,0.0,0.0,0.0,0.0,0.0,0.0,,,,,,,,,,,,,,,,,,,,,,,,,,,,,,,,,,,,,,,,,,,,,,,,,,,,,,,,,,,,,,,,,,,,,,,,,,,,,,,,,,,,,,,,,,,,,,,,,,,,,,,,,,,,,,,,,,,,,,,,,,,,,,,,,,,,,,,,,,,,,,,,,,,,,,,,,,,,,,,,,,,,,,,,,,,,,,,,,,,,,,,,,,,,,,,,,,,,,,,,,,,,,,,,,,,,,,,,,,,,,,
1,27.0,37.0,32.0,58.0,40.0,55.0,29.0,43.0,25.0,47.0,36.0,35.0,23.0,20.0,1.0,37.0,23.0,22.0,0.0,23.0,17.0,7.0,8.0,28.0,16.0,22.0,9.0,33.0,11.0,47.0,12.0,19.0,17.0,37.0,11.0,19.0,6.0,6.0,6.0,11.0,5.0,0.0,4.0,1.0,0.0,13.0,0.0,18.0,0.0,5.0,6.0,5.0,9.0,0.0,7.0,4.0,0.0,6.0,0.0,15.0,0.0,,,,,,,,,,,,,,,,,,,,,,,,,,,,,,,,,,,,,,,,,,,,,,,,,,,,,,,,,,,,,,,,,,,,,,,,,,,,,,,,,,,,,,,,,,,,,,,,,,,,,,,,,,,,,,,,,,,,,,,,,,,,,,,,,,,,,,,,,,,,,,,,,,,,,,,,,,,,,,,,,,,,,,,,,,,,,,,,,,,,,,,,,,,,,,,,,,,,,,,,,,,,,,,,,,
2,24.0,49.0,20.0,36.0,29.0,39.0,37.0,45.0,24.0,42.0,29.0,37.0,47.0,49.0,34.0,39.0,34.0,42.0,38.0,40.0,18.0,46.0,33.0,32.0,15.0,37.0,19.0,24.0,12.0,5.0,4.0,15.0,16.0,18.0,17.0,10.0,6.0,26.0,-22.0,12.0,0.0,0.0,-45.0,-22.0,-55.0,-51.0,-39.0,-64.0,-84.0,-100.0,-60.0,-64.0,-68.0,-51.0,-53.0,-74.0,-59.0,-74.0,-73.0,-23.0,-72.0,-45.0,-43.0,-43.0,-29.0,-23.0,-21.0,-42.0,-28.0,-17.0,-21.0,0.0,-4.0,0.0,-10.0,0.0,0.0,-8.0,0.0,-12.0,-9.0,0.0,0.0,0.0,0.0,-15.0,-12.0,-8.0,-9.0,0.0,-56.0,-54.0,-54.0,-54.0,-54.0,-55.0,-53.0,-53.0,-53.0,-52.0,-52.0,-55.0,-54.0,-53.0,-53.0,-53.0,-51.0,-51.0,-52.0,-52.0,-52.0,-49.0,,,,,,,,,,,,,,,,,,,,,,,,,,,,,,,,,,,,,,,,,,,,,,,,,,,,,,,,,,,,,,,,,,,,,,,,,,,,,,,,,,,,,,,,,,,,,,,,,,,,,,,,,,,,,,,,,,,,,,,,,,,,,,,,,,,,,,,,,,,,,,,,,,,,,,,,,,,,,,,
3,19.0,37.0,42.0,39.0,22.0,29.0,11.0,33.0,-10.0,17.0,16.0,14.0,17.0,7.0,0.0,0.0,-4.0,27.0,-16.0,9.0,5.0,61.0,28.0,68.0,59.0,79.0,68.0,87.0,85.0,97.0,83.0,100.0,74.0,92.0,93.0,108.0,98.0,124.0,101.0,114.0,107.0,105.0,111.0,98.0,86.0,84.0,96.0,133.0,69.0,66.0,54.0,78.0,75.0,119.0,117.0,123.0,25.0,56.0,75.0,56.0,26.0,29.0,-34.0,-18.0,-30.0,4.0,0.0,0.0,0.0,0.0,-15.0,-7.0,0.0,0.0,-19.0,0.0,-15.0,-11.0,-49.0,-30.0,-46.0,-38.0,-49.0,-45.0,-37.0,-15.0,-25.0,-26.0,-28.0,,,,,,,,,,,,,,,,,,,,,,,,,,,,,,,,,,,,,,,,,,,,,,,,,,,,,,,,,,,,,,,,,,,,,,,,,,,,,,,,,,,,,,,,,,,,,,,,,,,,,,,,,,,,,,,,,,,,,,,,,,,,,,,,,,,,,,,,,,,,,,,,,,,,,,,,,,,,,,,,,,,,,,,,,,,,,,,,,,,,,,
4,17.0,38.0,42.0,54.0,35.0,49.0,22.0,47.0,-1.0,4.0,0.0,16.0,13.0,50.0,33.0,26.0,27.0,47.0,44.0,62.0,34.0,60.0,62.0,59.0,39.0,40.0,27.0,47.0,33.0,60.0,52.0,57.0,11.0,17.0,-38.0,-36.0,-50.0,-20.0,-41.0,-28.0,-35.0,-21.0,-17.0,-20.0,-34.0,-16.0,-38.0,-19.0,-20.0,-26.0,-27.0,0.0,-29.0,-31.0,-18.0,-15.0,-52.0,-33.0,-38.0,-34.0,-36.0,-23.0,-20.0,-18.0,-25.0,-8.0,-12.0,-13.0,-6.0,-5.0,-11.0,-10.0,-6.0,-9.0,-5.0,-3.0,0.0,0.0,0.0,0.0,0.0,0.0,0.0,0.0,0.0,0.0,2.0,6.0,8.0,8.0,4.0,0.0,0.0,,,,,,,,,,,,,,,,,,,,,,,,,,,,,,,,,,,,,,,,,,,,,,,,,,,,,,,,,,,,,,,,,,,,,,,,,,,,,,,,,,,,,,,,,,,,,,,,,,,,,,,,,,,,,,,,,,,,,,,,,,,,,,,,,,,,,,,,,,,,,,,,,,,,,,,,,,,,,,,,,,,,,,,,,,,,,,,,,,
5,18.0,32.0,45.0,36.0,45.0,46.0,18.0,46.0,4.0,14.0,9.0,37.0,27.0,26.0,10.0,6.0,6.0,17.0,15.0,32.0,17.0,32.0,12.0,38.0,14.0,13.0,22.0,19.0,10.0,15.0,16.0,20.0,11.0,12.0,11.0,4.0,8.0,10.0,4.0,0.0,13.0,14.0,-8.0,-2.0,-11.0,-5.0,0.0,0.0,0.0,0.0,0.0,0.0,0.0,0.0,-3.0,,,,,,,,,,,,,,,,,,,,,,,,,,,,,,,,,,,,,,,,,,,,,,,,,,,,,,,,,,,,,,,,,,,,,,,,,,,,,,,,,,,,,,,,,,,,,,,,,,,,,,,,,,,,,,,,,,,,,,,,,,,,,,,,,,,,,,,,,,,,,,,,,,,,,,,,,,,,,,,,,,,,,,,,,,,,,,,,,,,,,,,,,,,,,,,,,,,,,,,,,,,,,,,,,,,,,,,,
6,12.0,32.0,29.0,30.0,29.0,34.0,25.0,48.0,18.0,46.0,44.0,60.0,46.0,61.0,36.0,55.0,32.0,94.0,60.0,49.0,41.0,118.0,100.0,107.0,62.0,135.0,48.0,79.0,73.0,60.0,62.0,73.0,63.0,94.0,67.0,99.0,43.0,55.0,9.0,40.0,24.0,30.0,33.0,40.0,40.0,27.0,35.0,77.0,81.0,124.0,139.0,169.0,182.0,173.0,19.0,26.0,32.0,25.0,38.0,33.0,55.0,29.0,27.0,27.0,30.0,35.0,34.0,40.0,43.0,56.0,38.0,66.0,60.0,64.0,55.0,70.0,36.0,67.0,35.0,90.0,68.0,75.0,84.0,80.0,69.0,71.0,55.0,53.0,59.0,60.0,54.0,62.0,52.0,74.0,69.0,133.0,0.0,21.0,0.0,16.0,0.0,0.0,0.0,0.0,0.0,0.0,0.0,,,,,,,,,,,,,,,,,,,,,,,,,,,,,,,,,,,,,,,,,,,,,,,,,,,,,,,,,,,,,,,,,,,,,,,,,,,,,,,,,,,,,,,,,,,,,,,,,,,,,,,,,,,,,,,,,,,,,,,,,,,,,,,,,,,,,,,,,,,,,,,,,,,,,,,,,,,,,,,,,,,,
7,39.0,48.0,37.0,49.0,38.0,50.0,41.0,62.0,23.0,69.0,42.0,37.0,27.0,30.0,12.0,35.0,13.0,22.0,12.0,22.0,4.0,11.0,9.0,6.0,-7.0,0.0,0.0,0.0,12.0,19.0,-16.0,16.0,23.0,12.0,18.0,22.0,-25.0,60.0,-32.0,-1.0,17.0,0.0,-28.0,30.0,29.0,18.0,0.0,56.0,55.0,36.0,31.0,65.0,17.0,47.0,46.0,71.0,55.0,253.0,282.0,,,,,,,,,,,,,,,,,,,,,,,,,,,,,,,,,,,,,,,,,,,,,,,,,,,,,,,,,,,,,,,,,,,,,,,,,,,,,,,,,,,,,,,,,,,,,,,,,,,,,,,,,,,,,,,,,,,,,,,,,,,,,,,,,,,,,,,,,,,,,,,,,,,,,,,,,,,,,,,,,,,,,,,,,,,,,,,,,,,,,,,,,,,,,,,,,,,,,,,,,,,,,,,,,,,,
8,32.0,45.0,44.0,48.0,44.0,40.0,5.0,44.0,11.0,26.0,26.0,49.0,37.0,41.0,38.0,45.0,29.0,58.0,25.0,32.0,15.0,32.0,26.0,70.0,14.0,32.0,-29.0,-26.0,-32.0,-21.0,-27.0,-26.0,-58.0,-18.0,-47.0,-45.0,-50.0,-63.0,-91.0,-96.0,-99.0,-69.0,-94.0,-89.0,-78.0,-73.0,-82.0,-93.0,-129.0,-107.0,-110.0,-114.0,-137.0,-142.0,-174.0,-127.0,-167.0,-196.0,-185.0,-160.0,-224.0,-178.0,-296.0,-349.0,-396.0,-365.0,-437.0,-405.0,-433.0,-436.0,-468.0,-448.0,-450.0,-498.0,-450.0,-346.0,-438.0,-301.0,,,,,,,,,,,,,,,,,,,,,,,,,,,,,,,,,,,,,,,,,,,,,,,,,,,,,,,,,,,,,,,,,,,,,,,,,,,,,,,,,,,,,,,,,,,,,,,,,,,,,,,,,,,,,,,,,,,,,,,,,,,,,,,,,,,,,,,,,,,,,,,,,,,,,,,,,,,,,,,,,,,,,,,,,,,,,,,,,,,,,,,,,,,,,,,,,
9,28.0,41.0,27.0,42.0,24.0,24.0,34.0,35.0,14.0,17.0,13.0,23.0,0.0,2.0,0.0,0.0,0.0,-1.0,0.0,32.0,20.0,46.0,23.0,22.0,12.0,97.0,80.0,79.0,76.0,214.0,218.0,237.0,228.0,233.0,231.0,230.0,202.0,308.0,281.0,311.0,296.0,511.0,469.0,514.0,448.0,469.0,448.0,504.0,439.0,512.0,469.0,675.0,316.0,337.0,345.0,412.0,380.0,410.0,393.0,432.0,430.0,395.0,446.0,421.0,443.0,420.0,446.0,449.0,458.0,442.0,456.0,460.0,460.0,,,,,,,,,,,,,,,,,,,,,,,,,,,,,,,,,,,,,,,,,,,,,,,,,,,,,,,,,,,,,,,,,,,,,,,,,,,,,,,,,,,,,,,,,,,,,,,,,,,,,,,,,,,,,,,,,,,,,,,,,,,,,,,,,,,,,,,,,,,,,,,,,,,,,,,,,,,,,,,,,,,,,,,,,,,,,,,,,,,,,,,,,,,,,,,,,,,,,,
10,35.0,53.0,40.0,48.0,15.0,40.0,26.0,44.0,28.0,28.0,20.0,23.0,33.0,48.0,34.0,44.0,26.0,34.0,16.0,64.0,28.0,35.0,3.0,32.0,9.0,21.0,26.0,17.0,14.0,-1.0,-74.0,-44.0,-65.0,33.0,12.0,21.0,26.0,28.0,7.0,37.0,-23.0,0.0,0.0,0.0,0.0,-10.0,0.0,0.0,0.0,0.0,0.0,0.0,0.0,0.0,0.0,56.0,39.0,58.0,37.0,54.0,62.0,52.0,50.0,50.0,26.0,30.0,37.0,41.0,42.0,24.0,-23.0,-16.0,-29.0,-10.0,-22.0,-15.0,-20.0,-19.0,-18.0,-12.0,-19.0,-19.0,-15.0,-12.0,-9.0,-5.0,,,,,,,,,,,,,,,,,,,,,,,,,,,,,,,,,,,,,,,,,,,,,,,,,,,,,,,,,,,,,,,,,,,,,,,,,,,,,,,,,,,,,,,,,,,,,,,,,,,,,,,,,,,,,,,,,,,,,,,,,,,,,,,,,,,,,,,,,,,,,,,,,,,,,,,,,,,,,,,,,,,,,,,,,,,,,,,,,,,,,,,,,
11,29.0,53.0,41.0,53.0,37.0,44.0,29.0,37.0,27.0,45.0,31.0,45.0,19.0,33.0,7.0,12.0,9.0,49.0,36.0,59.0,33.0,25.0,9.0,20.0,26.0,72.0,26.0,24.0,27.0,21.0,19.0,19.0,28.0,42.0,20.0,71.0,49.0,59.0,58.0,52.0,51.0,46.0,45.0,52.0,57.0,54.0,65.0,52.0,59.0,62.0,53.0,45.0,33.0,53.0,52.0,21.0,17.0,14.0,0.0,0.0,0.0,0.0,0.0,0.0,0.0,0.0,0.0,0.0,0.0,0.0,0.0,0.0,0.0,,,,,,,,,,,,,,,,,,,,,,,,,,,,,,,,,,,,,,,,,,,,,,,,,,,,,,,,,,,,,,,,,,,,,,,,,,,,,,,,,,,,,,,,,,,,,,,,,,,,,,,,,,,,,,,,,,,,,,,,,,,,,,,,,,,,,,,,,,,,,,,,,,,,,,,,,,,,,,,,,,,,,,,,,,,,,,,,,,,,,,,,,,,,,,,,,,,,,,
12,42.0,49.0,47.0,41.0,13.0,26.0,6.0,14.0,13.0,13.0,6.0,15.0,20.0,25.0,17.0,15.0,25.0,22.0,20.0,15.0,8.0,8.0,0.0,17.0,0.0,14.0,1.0,5.0,2.0,0.0,0.0,9.0,7.0,2.0,1.0,2.0,1.0,1.0,0.0,0.0,0.0,1.0,0.0,4.0,0.0,3.0,0.0,0.0,0.0,0.0,0.0,0.0,0.0,0.0,0.0,0.0,0.0,-7.0,0.0,0.0,0.0,0.0,0.0,0.0,-7.0,0.0,0.0,0.0,0.0,0.0,0.0,0.0,0.0,0.0,0.0,0.0,0.0,0.0,0.0,0.0,0.0,0.0,0.0,0.0,-4.0,-1.0,-8.0,0.0,0.0,0.0,0.0,0.0,0.0,0.0,-1.0,0.0,0.0,0.0,0.0,0.0,0.0,0.0,0.0,,,,,,,,,,,,,,,,,,,,,,,,,,,,,,,,,,,,,,,,,,,,,,,,,,,,,,,,,,,,,,,,,,,,,,,,,,,,,,,,,,,,,,,,,,,,,,,,,,,,,,,,,,,,,,,,,,,,,,,,,,,,,,,,,,,,,,,,,,,,,,,,,,,,,,,,,,,,,,,,,,,,,,,,
13,22.0,37.0,32.0,54.0,22.0,50.0,36.0,42.0,35.0,50.0,47.0,51.0,52.0,65.0,45.0,106.0,100.0,130.0,86.0,127.0,44.0,59.0,31.0,111.0,79.0,263.0,248.0,375.0,335.0,380.0,393.0,412.0,417.0,443.0,438.0,431.0,476.0,492.0,448.0,377.0,430.0,493.0,488.0,510.0,459.0,496.0,489.0,526.0,516.0,518.0,523.0,570.0,539.0,625.0,607.0,574.0,557.0,607.0,606.0,675.0,684.0,700.0,631.0,635.0,623.0,666.0,666.0,734.0,694.0,,,,,,,,,,,,,,,,,,,,,,,,,,,,,,,,,,,,,,,,,,,,,,,,,,,,,,,,,,,,,,,,,,,,,,,,,,,,,,,,,,,,,,,,,,,,,,,,,,,,,,,,,,,,,,,,,,,,,,,,,,,,,,,,,,,,,,,,,,,,,,,,,,,,,,,,,,,,,,,,,,,,,,,,,,,,,,,,,,,,,,,,,,,,,,,,,,,,,,,,,,
14,27.0,51.0,28.0,30.0,15.0,23.0,32.0,21.0,7.0,22.0,12.0,10.0,15.0,18.0,18.0,37.0,5.0,16.0,26.0,44.0,25.0,27.0,13.0,19.0,26.0,50.0,-29.0,-19.0,-19.0,10.0,0.0,17.0,8.0,18.0,16.0,19.0,2.0,22.0,13.0,23.0,28.0,42.0,25.0,37.0,0.0,0.0,0.0,0.0,0.0,0.0,0.0,0.0,0.0,0.0,0.0,0.0,0.0,0.0,0.0,0.0,,,,,,,,,,,,,,,,,,,,,,,,,,,,,,,,,,,,,,,,,,,,,,,,,,,,,,,,,,,,,,,,,,,,,,,,,,,,,,,,,,,,,,,,,,,,,,,,,,,,,,,,,,,,,,,,,,,,,,,,,,,,,,,,,,,,,,,,,,,,,,,,,,,,,,,,,,,,,,,,,,,,,,,,,,,,,,,,,,,,,,,,,,,,,,,,,,,,,,,,,,,,,,,,,,,
15,31.0,45.0,41.0,43.0,20.0,35.0,21.0,25.0,33.0,37.0,34.0,33.0,20.0,31.0,16.0,21.0,11.0,29.0,28.0,34.0,12.0,23.0,6.0,33.0,25.0,20.0,12.0,22.0,-39.0,56.0,43.0,39.0,24.0,29.0,35.0,47.0,19.0,42.0,22.0,37.0,32.0,58.0,50.0,70.0,48.0,41.0,48.0,66.0,60.0,50.0,30.0,42.0,18.0,33.0,37.0,52.0,28.0,52.0,49.0,48.0,42.0,60.0,75.0,119.0,93.0,96.0,82.0,92.0,36.0,55.0,-43.0,-27.0,-6.0,49.0,-37.0,-2.0,0.0,0.0,0.0,0.0,0.0,7.0,6.0,10.0,10.0,1.0,2.0,3.0,0.0,0.0,2.0,1.0,0.0,0.0,0.0,0.0,0.0,0.0,0.0,0.0,0.0,0.0,0.0,,,,,,,,,,,,,,,,,,,,,,,,,,,,,,,,,,,,,,,,,,,,,,,,,,,,,,,,,,,,,,,,,,,,,,,,,,,,,,,,,,,,,,,,,,,,,,,,,,,,,,,,,,,,,,,,,,,,,,,,,,,,,,,,,,,,,,,,,,,,,,,,,,,,,,,,,,,,,,,,,,,,,,,,
16,18.0,49.0,37.0,57.0,36.0,40.0,41.0,47.0,41.0,46.0,50.0,49.0,40.0,53.0,50.0,50.0,40.0,63.0,34.0,75.0,39.0,48.0,28.0,56.0,36.0,56.0,33.0,36.0,42.0,74.0,26.0,64.0,39.0,134.0,116.0,116.0,118.0,138.0,111.0,143.0,153.0,207.0,105.0,190.0,-117.0,-116.0,-91.0,-82.0,-180.0,-239.0,-301.0,-304.0,-312.0,-305.0,-379.0,-420.0,-370.0,-408.0,-407.0,-110.0,-153.0,-164.0,-145.0,-168.0,-134.0,-111.0,-160.0,-168.0,-285.0,-324.0,-582.0,-592.0,-623.0,-623.0,-594.0,-637.0,-635.0,-643.0,-648.0,-637.0,-646.0,-644.0,-647.0,-643.0,-651.0,-652.0,-654.0,-650.0,-727.0,-805.0,,,,,,,,,,,,,,,,,,,,,,,,,,,,,,,,,,,,,,,,,,,,,,,,,,,,,,,,,,,,,,,,,,,,,,,,,,,,,,,,,,,,,,,,,,,,,,,,,,,,,,,,,,,,,,,,,,,,,,,,,,,,,,,,,,,,,,,,,,,,,,,,,,,,,,,,,,,,,,,,,,,,,,,,,,,,,,,,,,,,,
17,24.0,41.0,41.0,35.0,18.0,24.0,13.0,17.0,0.0,21.0,4.0,21.0,-10.0,36.0,23.0,17.0,14.0,33.0,35.0,38.0,30.0,29.0,27.0,33.0,32.0,33.0,29.0,43.0,37.0,27.0,21.0,21.0,18.0,30.0,23.0,30.0,34.0,29.0,29.0,43.0,20.0,27.0,26.0,61.0,30.0,43.0,31.0,37.0,37.0,53.0,51.0,61.0,53.0,57.0,62.0,64.0,74.0,68.0,60.0,149.0,132.0,157.0,171.0,163.0,143.0,194.0,138.0,131.0,125.0,150.0,165.0,151.0,143.0,161.0,160.0,210.0,203.0,437.0,494.0,446.0,489.0,480.0,467.0,471.0,468.0,487.0,503.0,484.0,464.0,471.0,443.0,429.0,417.0,443.0,426.0,472.0,424.0,548.0,565.0,586.0,501.0,,,,,,,,,,,,,,,,,,,,,,,,,,,,,,,,,,,,,,,,,,,,,,,,,,,,,,,,,,,,,,,,,,,,,,,,,,,,,,,,,,,,,,,,,,,,,,,,,,,,,,,,,,,,,,,,,,,,,,,,,,,,,,,,,,,,,,,,,,,,,,,,,,,,,,,,,,,,,,,,,,,,,,,,,,
18,32.0,46.0,28.0,35.0,34.0,39.0,27.0,49.0,50.0,50.0,41.0,42.0,38.0,40.0,39.0,61.0,52.0,62.0,35.0,46.0,34.0,55.0,63.0,76.0,64.0,88.0,59.0,98.0,41.0,117.0,82.0,111.0,12.0,18.0,10.0,25.0,-8.0,-16.0,4.0,0.0,0.0,200.0,141.0,103.0,72.0,76.0,68.0,121.0,44.0,258.0,140.0,204.0,110.0,191.0,141.0,170.0,236.0,147.0,62.0,296.0,215.0,590.0,592.0,624.0,605.0,630.0,639.0,687.0,689.0,698.0,691.0,1082.0,597.0,714.0,716.0,717.0,705.0,776.0,685.0,695.0,688.0,710.0,730.0,732.0,721.0,745.0,758.0,771.0,758.0,790.0,724.0,725.0,707.0,797.0,750.0,828.0,728.0,792.0,749.0,788.0,890.0,892.0,890.0,903.0,953.0,953.0,996.0,1276.0,1339.0,1318.0,1316.0,1631.0,1690.0,1884.0,1376.0,1455.0,1305.0,5618.0,5618.0,5618.0,5618.0,5618.0,5618.0,5686.0,5686.0,,,,,,,,,,,,,,,,,,,,,,,,,,,,,,,,,,,,,,,,,,,,,,,,,,,,,,,,,,,,,,,,,,,,,,,,,,,,,,,,,,,,,,,,,,,,,,,,,,,,,,,,,,,,,,,,,,,,,,,,,,,,,,,,,,,,,,,,,,,,,,,,,,
19,30.0,30.0,37.0,44.0,16.0,38.0,34.0,48.0,-5.0,32.0,19.0,42.0,20.0,45.0,40.0,51.0,44.0,54.0,52.0,61.0,38.0,53.0,60.0,55.0,41.0,62.0,42.0,57.0,38.0,61.0,50.0,54.0,43.0,71.0,44.0,210.0,201.0,251.0,244.0,271.0,280.0,469.0,386.0,470.0,293.0,434.0,479.0,546.0,517.0,691.0,737.0,,,,,,,,,,,,,,,,,,,,,,,,,,,,,,,,,,,,,,,,,,,,,,,,,,,,,,,,,,,,,,,,,,,,,,,,,,,,,,,,,,,,,,,,,,,,,,,,,,,,,,,,,,,,,,,,,,,,,,,,,,,,,,,,,,,,,,,,,,,,,,,,,,,,,,,,,,,,,,,,,,,,,,,,,,,,,,,,,,,,,,,,,,,,,,,,,,,,,,,,,,,,,,,,,,,,,,,,,,,,
20,26.0,37.0,28.0,29.0,20.0,44.0,19.0,33.0,23.0,19.0,16.0,71.0,57.0,66.0,74.0,68.0,82.0,78.0,70.0,87.0,43.0,70.0,41.0,47.0,23.0,28.0,23.0,55.0,10.0,54.0,3.0,16.0,12.0,81.0,53.0,59.0,88.0,119.0,125.0,101.0,80.0,97.0,85.0,136.0,96.0,97.0,98.0,94.0,79.0,66.0,73.0,72.0,58.0,76.0,67.0,90.0,74.0,75.0,32.0,27.0,8.0,0.0,0.0,0.0,-45.0,-28.0,-50.0,-31.0,-23.0,-28.0,-45.0,-47.0,-59.0,-48.0,-46.0,0.0,0.0,0.0,,,,,,,,,,,,,,,,,,,,,,,,,,,,,,,,,,,,,,,,,,,,,,,,,,,,,,,,,,,,,,,,,,,,,,,,,,,,,,,,,,,,,,,,,,,,,,,,,,,,,,,,,,,,,,,,,,,,,,,,,,,,,,,,,,,,,,,,,,,,,,,,,,,,,,,,,,,,,,,,,,,,,,,,,,,,,,,,,,,,,,,,,,,,,,,,,
21,37.0,46.0,42.0,55.0,40.0,65.0,41.0,46.0,39.0,41.0,21.0,38.0,23.0,26.0,24.0,34.0,25.0,41.0,21.0,31.0,25.0,48.0,-29.0,43.0,11.0,27.0,24.0,67.0,60.0,67.0,53.0,77.0,53.0,96.0,62.0,102.0,61.0,70.0,75.0,82.0,62.0,117.0,107.0,103.0,103.0,150.0,113.0,112.0,104.0,119.0,95.0,133.0,115.0,137.0,117.0,140.0,122.0,141.0,89.0,114.0,95.0,120.0,87.0,99.0,82.0,231.0,253.0,251.0,269.0,387.0,353.0,424.0,399.0,453.0,500.0,677.0,717.0,795.0,806.0,923.0,946.0,1022.0,988.0,1087.0,1079.0,1114.0,1145.0,5959.0,6045.0,,,,,,,,,,,,,,,,,,,,,,,,,,,,,,,,,,,,,,,,,,,,,,,,,,,,,,,,,,,,,,,,,,,,,,,,,,,,,,,,,,,,,,,,,,,,,,,,,,,,,,,,,,,,,,,,,,,,,,,,,,,,,,,,,,,,,,,,,,,,,,,,,,,,,,,,,,,,,,,,,,,,,,,,,,,,,,,,,,,,,,
22,25.0,51.0,3.0,25.0,14.0,29.0,7.0,20.0,10.0,15.0,-10.0,52.0,31.0,37.0,47.0,51.0,39.0,55.0,49.0,41.0,47.0,50.0,52.0,62.0,46.0,53.0,39.0,38.0,3.0,16.0,12.0,22.0,18.0,21.0,20.0,20.0,5.0,9.0,-1.0,0.0,-3.0,-4.0,-9.0,0.0,-27.0,-15.0,-12.0,-17.0,-19.0,-19.0,-36.0,-32.0,-20.0,-13.0,-37.0,-23.0,-36.0,-23.0,-38.0,0.0,-21.0,-10.0,-39.0,-39.0,-98.0,-98.0,-98.0,-105.0,-90.0,-87.0,-96.0,-15.0,-22.0,-24.0,-32.0,-19.0,-27.0,-23.0,-26.0,-31.0,-28.0,-23.0,-25.0,-14.0,-22.0,-19.0,-23.0,-23.0,-37.0,-37.0,-27.0,-27.0,-26.0,-20.0,-18.0,-26.0,-12.0,-11.0,-26.0,-23.0,-39.0,-39.0,-37.0,-19.0,-12.0,-9.0,-9.0,-7.0,-44.0,-40.0,-45.0,-45.0,-45.0,-45.0,-44.0,-46.0,-53.0,-53.0,-53.0,-51.0,-49.0,-41.0,-37.0,-44.0,-44.0,-37.0,-35.0,-35.0,-43.0,-46.0,-23.0,-32.0,-20.0,-20.0,-20.0,-43.0,-1687.0,-1817.0,,,,,,,,,,,,,,,,,,,,,,,,,,,,,,,,,,,,,,,,,,,,,,,,,,,,,,,,,,,,,,,,,,,,,,,,,,,,,,,,,,,,,,,,,,,,,,,,,,,,,,,,,,,,,,,,,,,,,,,,,,,,,,,,,,,,,
23,41.0,41.0,26.0,34.0,30.0,47.0,28.0,53.0,20.0,21.0,20.0,16.0,12.0,15.0,-7.0,-8.0,-3.0,0.0,-9.0,0.0,-17.0,-9.0,-37.0,-2.0,-17.0,36.0,51.0,62.0,0.0,0.0,0.0,10.0,0.0,0.0,-11.0,-3.0,-63.0,-46.0,-53.0,-56.0,-50.0,-27.0,-89.0,-84.0,-98.0,-84.0,-87.0,-70.0,-95.0,-77.0,-81.0,-72.0,-66.0,-52.0,-39.0,-37.0,-31.0,-23.0,-21.0,-9.0,-35.0,-23.0,-57.0,-55.0,-44.0,-16.0,-12.0,-16.0,-57.0,-17.0,-23.0,-38.0,-113.0,-131.0,-53.0,-70.0,-162.0,-151.0,-175.0,-65.0,-141.0,-134.0,-136.0,-86.0,-170.0,-205.0,-222.0,-58.0,-27.0,-6.0,-36.0,-3.0,0.0,0.0,0.0,0.0,0.0,0.0,-757.0,-749.0,-739.0,-739.0,-739.0,-750.0,-752.0,-743.0,-742.0,-742.0,-737.0,-750.0,-1165.0,-1221.0,-1458.0,-1600.0,-1600.0,,,,,,,,,,,,,,,,,,,,,,,,,,,,,,,,,,,,,,,,,,,,,,,,,,,,,,,,,,,,,,,,,,,,,,,,,,,,,,,,,,,,,,,,,,,,,,,,,,,,,,,,,,,,,,,,,,,,,,,,,,,,,,,,,,,,,,,,,,,,,,,,,,,,,,,,,,,,
24,24.0,55.0,37.0,43.0,31.0,42.0,20.0,34.0,18.0,33.0,26.0,45.0,9.0,21.0,23.0,23.0,15.0,27.0,14.0,24.0,10.0,32.0,4.0,0.0,0.0,14.0,5.0,19.0,14.0,17.0,16.0,10.0,10.0,27.0,3.0,0.0,0.0,0.0,0.0,0.0,11.0,27.0,8.0,19.0,20.0,30.0,31.0,21.0,0.0,0.0,-27.0,-10.0,0.0,25.0,-30.0,-31.0,-21.0,-17.0,-75.0,-56.0,-75.0,-61.0,-170.0,-124.0,-112.0,-100.0,-61.0,-52.0,-77.0,397.0,474.0,529.0,489.0,9994.0,9995.0,9995.0,9996.0,9996.0,9997.0,,,,,,,,,,,,,,,,,,,,,,,,,,,,,,,,,,,,,,,,,,,,,,,,,,,,,,,,,,,,,,,,,,,,,,,,,,,,,,,,,,,,,,,,,,,,,,,,,,,,,,,,,,,,,,,,,,,,,,,,,,,,,,,,,,,,,,,,,,,,,,,,,,,,,,,,,,,,,,,,,,,,,,,,,,,,,,,,,,,,,,,,,,,,,,,,
25,22.0,56.0,32.0,23.0,26.0,28.0,16.0,58.0,44.0,47.0,36.0,44.0,13.0,13.0,10.0,16.0,17.0,17.0,0.0,7.0,0.0,0.0,-37.0,-20.0,-19.0,-27.0,-44.0,-20.0,-32.0,-26.0,-74.0,-34.0,-53.0,-15.0,-51.0,-46.0,-44.0,-3.0,-7.0,-7.0,-15.0,-14.0,-8.0,5.0,11.0,24.0,9.0,11.0,-15.0,0.0,0.0,0.0,0.0,0.0,0.0,0.0,0.0,0.0,0.0,0.0,0.0,47.0,0.0,0.0,0.0,0.0,0.0,0.0,0.0,18.0,11.0,26.0,-8.0,0.0,-6.0,-2.0,0.0,0.0,0.0,-6.0,0.0,0.0,-8.0,0.0,-12.0,-4.0,-4.0,0.0,-84.0,-62.0,-76.0,-82.0,-60.0,-55.0,-57.0,-49.0,-63.0,-62.0,-45.0,-52.0,-51.0,-51.0,-70.0,-33.0,-45.0,-31.0,-85.0,-58.0,-56.0,-40.0,-41.0,-4.0,-98.0,-59.0,-59.0,-56.0,-59.0,-57.0,-36.0,-39.0,-48.0,-39.0,-53.0,-52.0,-51.0,0.0,-51.0,-50.0,-49.0,-49.0,-49.0,-48.0,-48.0,-37.0,-37.0,0.0,0.0,,,,,,,,,,,,,,,,,,,,,,,,,,,,,,,,,,,,,,,,,,,,,,,,,,,,,,,,,,,,,,,,,,,,,,,,,,,,,,,,,,,,,,,,,,,,,,,,,,,,,,,,,,,,,,,,,,,,,,,,,,,,,,,,,,,,,,
26,29.0,35.0,25.0,34.0,28.0,41.0,27.0,34.0,45.0,52.0,58.0,65.0,31.0,57.0,59.0,52.0,37.0,63.0,29.0,21.0,22.0,39.0,28.0,30.0,19.0,28.0,17.0,27.0,17.0,27.0,19.0,21.0,6.0,7.0,0.0,0.0,0.0,0.0,0.0,3.0,0.0,0.0,0.0,0.0,0.0,6.0,23.0,26.0,0.0,13.0,15.0,11.0,12.0,32.0,38.0,36.0,33.0,28.0,25.0,28.0,31.0,37.0,30.0,33.0,26.0,46.0,49.0,52.0,40.0,35.0,36.0,38.0,22.0,31.0,3.0,4.0,3.0,3.0,4.0,0.0,0.0,0.0,0.0,0.0,0.0,0.0,0.0,0.0,0.0,0.0,0.0,0.0,0.0,0.0,0.0,0.0,0.0,0.0,0.0,0.0,0.0,0.0,0.0,0.0,0.0,0.0,0.0,0.0,0.0,0.0,0.0,,,,,,,,,,,,,,,,,,,,,,,,,,,,,,,,,,,,,,,,,,,,,,,,,,,,,,,,,,,,,,,,,,,,,,,,,,,,,,,,,,,,,,,,,,,,,,,,,,,,,,,,,,,,,,,,,,,,,,,,,,,,,,,,,,,,,,,,,,,,,,,,,,,,,,,,,,,,,,,,
27,19.0,39.0,40.0,39.0,14.0,50.0,44.0,46.0,37.0,36.0,39.0,58.0,54.0,63.0,47.0,53.0,27.0,37.0,2.0,29.0,18.0,31.0,-26.0,-5.0,-20.0,-14.0,-25.0,-17.0,-22.0,-4.0,-23.0,-8.0,-30.0,-25.0,-26.0,-23.0,-33.0,-13.0,-20.0,-11.0,-11.0,-13.0,-7.0,-7.0,-8.0,-16.0,-29.0,0.0,-16.0,-15.0,-19.0,-12.0,-23.0,-8.0,-15.0,-9.0,-8.0,-7.0,-9.0,-5.0,-8.0,-7.0,-18.0,-10.0,-9.0,-6.0,-7.0,-10.0,-12.0,-13.0,-10.0,-10.0,-11.0,-12.0,-12.0,-11.0,-12.0,-12.0,-13.0,-12.0,-12.0,-15.0,-15.0,-12.0,-15.0,-15.0,-20.0,-15.0,-7.0,-8.0,-13.0,-14.0,-15.0,-6.0,-9.0,3.0,0.0,4.0,5.0,4.0,0.0,0.0,0.0,0.0,0.0,0.0,0.0,0.0,0.0,0.0,0.0,0.0,0.0,0.0,0.0,0.0,,,,,,,,,,,,,,,,,,,,,,,,,,,,,,,,,,,,,,,,,,,,,,,,,,,,,,,,,,,,,,,,,,,,,,,,,,,,,,,,,,,,,,,,,,,,,,,,,,,,,,,,,,,,,,,,,,,,,,,,,,,,,,,,,,,,,,,,,,,,,,,,,,,,,,,,,,,
28,8.0,23.0,17.0,37.0,24.0,29.0,31.0,45.0,37.0,31.0,36.0,33.0,29.0,66.0,27.0,67.0,33.0,71.0,54.0,58.0,24.0,17.0,18.0,20.0,21.0,48.0,34.0,62.0,41.0,53.0,12.0,43.0,0.0,20.0,0.0,40.0,0.0,0.0,0.0,26.0,10.0,0.0,0.0,0.0,0.0,0.0,0.0,0.0,0.0,0.0,0.0,0.0,-43.0,0.0,0.0,0.0,0.0,0.0,0.0,0.0,0.0,0.0,0.0,0.0,0.0,37.0,0.0,35.0,24.0,64.0,12.0,0.0,0.0,0.0,0.0,38.0,42.0,58.0,8.0,0.0,0.0,-1.0,0.0,79.0,54.0,69.0,61.0,77.0,55.0,72.0,49.0,69.0,69.0,65.0,56.0,61.0,57.0,26.0,16.0,12.0,12.0,22.0,0.0,0.0,0.0,0.0,0.0,0.0,0.0,0.0,0.0,0.0,0.0,0.0,0.0,0.0,-11.0,-5.0,-5.0,-5.0,-5.0,0.0,0.0,0.0,0.0,0.0,0.0,0.0,0.0,9.0,0.0,12.0,14.0,11.0,9.0,0.0,0.0,,,,,,,,,,,,,,,,,,,,,,,,,,,,,,,,,,,,,,,,,,,,,,,,,,,,,,,,,,,,,,,,,,,,,,,,,,,,,,,,,,,,,,,,,,,,,,,,,,,,,,,,,,,,,,,,,,,,,,,,,,,,,,,,,,,,,,
29,22.0,54.0,32.0,38.0,24.0,39.0,34.0,39.0,27.0,27.0,17.0,31.0,30.0,20.0,1.0,28.0,15.0,12.0,15.0,15.0,0.0,26.0,-35.0,-6.0,-25.0,-20.0,-22.0,-19.0,-52.0,-20.0,-34.0,-27.0,-61.0,-50.0,-72.0,-48.0,-89.0,-40.0,-63.0,-32.0,-29.0,-19.0,-35.0,-9.0,-18.0,15.0,21.0,0.0,0.0,0.0,0.0,0.0,0.0,31.0,0.0,0.0,0.0,0.0,-9.0,-10.0,-5.0,-9.0,-10.0,-6.0,0.0,0.0,-64.0,-20.0,-150.0,-85.0,-135.0,-44.0,-45.0,-41.0,-50.0,0.0,0.0,0.0,0.0,0.0,-27.0,-14.0,-14.0,-11.0,-24.0,0.0,0.0,0.0,-12.0,0.0,0.0,0.0,0.0,0.0,0.0,0.0,0.0,0.0,0.0,0.0,0.0,,,,,,,,,,,,,,,,,,,,,,,,,,,,,,,,,,,,,,,,,,,,,,,,,,,,,,,,,,,,,,,,,,,,,,,,,,,,,,,,,,,,,,,,,,,,,,,,,,,,,,,,,,,,,,,,,,,,,,,,,,,,,,,,,,,,,,,,,,,,,,,,,,,,,,,,,,,,,,,,,,,,,,,,,,
30,35.0,57.0,37.0,26.0,46.0,37.0,56.0,45.0,31.0,57.0,16.0,28.0,24.0,28.0,27.0,31.0,18.0,15.0,22.0,30.0,20.0,46.0,26.0,41.0,4.0,3.0,11.0,6.0,-1.0,2.0,0.0,4.0,3.0,18.0,2.0,11.0,7.0,0.0,0.0,2.0,4.0,0.0,0.0,0.0,5.0,-1.0,0.0,19.0,0.0,0.0,0.0,-2.0,0.0,0.0,0.0,-1.0,-1.0,-3.0,-7.0,-8.0,,,,,,,,,,,,,,,,,,,,,,,,,,,,,,,,,,,,,,,,,,,,,,,,,,,,,,,,,,,,,,,,,,,,,,,,,,,,,,,,,,,,,,,,,,,,,,,,,,,,,,,,,,,,,,,,,,,,,,,,,,,,,,,,,,,,,,,,,,,,,,,,,,,,,,,,,,,,,,,,,,,,,,,,,,,,,,,,,,,,,,,,,,,,,,,,,,,,,,,,,,,,,,,,,,,
31,31.0,24.0,18.0,48.0,40.0,43.0,46.0,50.0,47.0,46.0,24.0,51.0,19.0,48.0,71.0,73.0,36.0,61.0,58.0,74.0,52.0,79.0,56.0,123.0,132.0,145.0,99.0,130.0,87.0,100.0,154.0,133.0,160.0,142.0,153.0,207.0,166.0,193.0,177.0,220.0,226.0,286.0,296.0,341.0,305.0,306.0,293.0,304.0,300.0,346.0,303.0,329.0,325.0,365.0,375.0,369.0,390.0,462.0,473.0,493.0,481.0,618.0,659.0,645.0,661.0,669.0,670.0,790.0,776.0,810.0,931.0,1134.0,1336.0,1343.0,1308.0,,,,,,,,,,,,,,,,,,,,,,,,,,,,,,,,,,,,,,,,,,,,,,,,,,,,,,,,,,,,,,,,,,,,,,,,,,,,,,,,,,,,,,,,,,,,,,,,,,,,,,,,,,,,,,,,,,,,,,,,,,,,,,,,,,,,,,,,,,,,,,,,,,,,,,,,,,,,,,,,,,,,,,,,,,,,,,,,,,,,,,,,,,,,,,,,,,,,
32,30.0,44.0,33.0,40.0,38.0,42.0,50.0,56.0,48.0,59.0,6.0,18.0,31.0,37.0,35.0,31.0,11.0,54.0,48.0,67.0,50.0,49.0,57.0,69.0,45.0,85.0,68.0,63.0,55.0,68.0,83.0,99.0,48.0,58.0,44.0,85.0,17.0,20.0,35.0,30.0,-36.0,46.0,48.0,53.0,47.0,42.0,13.0,20.0,21.0,16.0,4.0,108.0,87.0,125.0,95.0,115.0,89.0,103.0,64.0,126.0,100.0,101.0,96.0,171.0,139.0,137.0,75.0,84.0,50.0,192.0,232.0,400.0,419.0,412.0,425.0,642.0,219.0,321.0,359.0,384.0,395.0,375.0,372.0,396.0,132.0,160.0,158.0,169.0,157.0,165.0,167.0,158.0,158.0,168.0,152.0,155.0,164.0,182.0,191.0,176.0,191.0,211.0,256.0,334.0,409.0,400.0,399.0,420.0,427.0,430.0,430.0,430.0,430.0,432.0,435.0,542.0,487.0,519.0,487.0,660.0,636.0,683.0,725.0,782.0,927.0,1031.0,847.0,1167.0,1170.0,,,,,,,,,,,,,,,,,,,,,,,,,,,,,,,,,,,,,,,,,,,,,,,,,,,,,,,,,,,,,,,,,,,,,,,,,,,,,,,,,,,,,,,,,,,,,,,,,,,,,,,,,,,,,,,,,,,,,,,,,,,,,,,,,,,,,,,,,,,,,,
33,29.0,35.0,29.0,50.0,34.0,47.0,24.0,36.0,30.0,54.0,40.0,58.0,39.0,53.0,42.0,50.0,27.0,34.0,3.0,9.0,4.0,67.0,47.0,44.0,53.0,70.0,0.0,13.0,17.0,64.0,69.0,62.0,61.0,61.0,58.0,67.0,68.0,60.0,19.0,22.0,9.0,19.0,4.0,22.0,5.0,29.0,32.0,25.0,19.0,19.0,23.0,27.0,30.0,12.0,10.0,6.0,0.0,0.0,0.0,0.0,0.0,0.0,0.0,0.0,0.0,0.0,0.0,0.0,0.0,0.0,0.0,0.0,0.0,0.0,0.0,0.0,0.0,0.0,0.0,0.0,0.0,0.0,0.0,,,,,,,,,,,,,,,,,,,,,,,,,,,,,,,,,,,,,,,,,,,,,,,,,,,,,,,,,,,,,,,,,,,,,,,,,,,,,,,,,,,,,,,,,,,,,,,,,,,,,,,,,,,,,,,,,,,,,,,,,,,,,,,,,,,,,,,,,,,,,,,,,,,,,,,,,,,,,,,,,,,,,,,,,,,,,,,,,,,,,,,,,,,,
34,33.0,46.0,35.0,41.0,13.0,35.0,25.0,43.0,32.0,36.0,20.0,11.0,0.0,15.0,18.0,49.0,36.0,28.0,22.0,63.0,46.0,40.0,24.0,36.0,18.0,22.0,15.0,71.0,46.0,75.0,71.0,89.0,71.0,107.0,41.0,54.0,0.0,12.0,0.0,22.0,16.0,42.0,37.0,36.0,-1.0,-2.0,-6.0,0.0,0.0,12.0,-40.0,-33.0,-54.0,-44.0,-47.0,-37.0,-31.0,-35.0,-53.0,-34.0,-33.0,-3.0,0.0,0.0,0.0,0.0,-14.0,0.0,-24.0,-17.0,-6.0,-14.0,-11.0,0.0,0.0,0.0,-7.0,0.0,-3.0,-12.0,-16.0,0.0,0.0,,,,,,,,,,,,,,,,,,,,,,,,,,,,,,,,,,,,,,,,,,,,,,,,,,,,,,,,,,,,,,,,,,,,,,,,,,,,,,,,,,,,,,,,,,,,,,,,,,,,,,,,,,,,,,,,,,,,,,,,,,,,,,,,,,,,,,,,,,,,,,,,,,,,,,,,,,,,,,,,,,,,,,,,,,,,,,,,,,,,,,,,,,,,
35,24.0,33.0,23.0,30.0,33.0,50.0,40.0,36.0,24.0,27.0,32.0,33.0,34.0,35.0,34.0,58.0,34.0,49.0,44.0,53.0,-5.0,14.0,-4.0,34.0,-18.0,-7.0,-17.0,-7.0,-19.0,0.0,-7.0,40.0,23.0,32.0,25.0,29.0,32.0,18.0,11.0,12.0,0.0,0.0,0.0,15.0,0.0,7.0,0.0,0.0,0.0,8.0,0.0,8.0,0.0,0.0,7.0,19.0,11.0,11.0,0.0,0.0,0.0,0.0,0.0,0.0,0.0,0.0,0.0,0.0,0.0,,,,,,,,,,,,,,,,,,,,,,,,,,,,,,,,,,,,,,,,,,,,,,,,,,,,,,,,,,,,,,,,,,,,,,,,,,,,,,,,,,,,,,,,,,,,,,,,,,,,,,,,,,,,,,,,,,,,,,,,,,,,,,,,,,,,,,,,,,,,,,,,,,,,,,,,,,,,,,,,,,,,,,,,,,,,,,,,,,,,,,,,,,,,,,,,,,,,,,,,,,
36,31.0,37.0,21.0,48.0,40.0,38.0,28.0,38.0,32.0,39.0,14.0,44.0,13.0,27.0,-8.0,9.0,12.0,13.0,15.0,17.0,2.0,1.0,13.0,28.0,24.0,13.0,0.0,15.0,20.0,23.0,22.0,17.0,22.0,38.0,14.0,98.0,105.0,94.0,120.0,119.0,122.0,141.0,112.0,115.0,105.0,187.0,147.0,241.0,228.0,241.0,234.0,243.0,178.0,203.0,137.0,185.0,169.0,267.0,245.0,290.0,278.0,325.0,284.0,440.0,322.0,416.0,319.0,440.0,411.0,454.0,465.0,581.0,581.0,616.0,612.0,630.0,610.0,633.0,625.0,,,,,,,,,,,,,,,,,,,,,,,,,,,,,,,,,,,,,,,,,,,,,,,,,,,,,,,,,,,,,,,,,,,,,,,,,,,,,,,,,,,,,,,,,,,,,,,,,,,,,,,,,,,,,,,,,,,,,,,,,,,,,,,,,,,,,,,,,,,,,,,,,,,,,,,,,,,,,,,,,,,,,,,,,,,,,,,,,,,,,,,,,,,,,,,,
37,32.0,44.0,34.0,49.0,49.0,50.0,50.0,51.0,9.0,46.0,21.0,40.0,28.0,33.0,21.0,44.0,-45.0,-34.0,-31.0,-28.0,-20.0,-36.0,-93.0,-81.0,-77.0,-12.0,-24.0,-20.0,-36.0,-44.0,-51.0,-31.0,-38.0,-46.0,-44.0,-40.0,-103.0,-81.0,-96.0,-93.0,-148.0,-144.0,-144.0,-130.0,-126.0,-131.0,-246.0,-252.0,-254.0,-184.0,-213.0,-159.0,-187.0,-93.0,-162.0,-154.0,-250.0,-267.0,-292.0,-260.0,-285.0,-276.0,-299.0,-308.0,-306.0,-299.0,-300.0,-289.0,,,,,,,,,,,,,,,,,,,,,,,,,,,,,,,,,,,,,,,,,,,,,,,,,,,,,,,,,,,,,,,,,,,,,,,,,,,,,,,,,,,,,,,,,,,,,,,,,,,,,,,,,,,,,,,,,,,,,,,,,,,,,,,,,,,,,,,,,,,,,,,,,,,,,,,,,,,,,,,,,,,,,,,,,,,,,,,,,,,,,,,,,,,,,,,,,,,,,,,,,,,
38,27.0,25.0,27.0,54.0,21.0,27.0,23.0,23.0,34.0,37.0,15.0,5.0,17.0,23.0,17.0,21.0,10.0,28.0,5.0,21.0,37.0,37.0,50.0,75.0,33.0,48.0,50.0,38.0,0.0,0.0,0.0,0.0,-25.0,-28.0,-15.0,46.0,31.0,47.0,-23.0,4.0,18.0,0.0,0.0,0.0,-28.0,0.0,-51.0,-45.0,-52.0,-75.0,-87.0,-72.0,-75.0,-39.0,-18.0,-12.0,-1.0,0.0,-5.0,-21.0,-15.0,-37.0,-18.0,13.0,5.0,12.0,13.0,31.0,4.0,9.0,24.0,27.0,18.0,23.0,11.0,50.0,30.0,37.0,30.0,36.0,5.0,12.0,6.0,15.0,4.0,6.0,8.0,10.0,4.0,11.0,4.0,5.0,0.0,0.0,16.0,14.0,12.0,12.0,19.0,14.0,21.0,16.0,24.0,14.0,8.0,51.0,43.0,860.0,1098.0,2250.0,5589.0,6715.0,6715.0,6715.0,6715.0,6715.0,50.0,51.0,48.0,47.0,36.0,36.0,36.0,36.0,36.0,1128.0,1308.0,1308.0,1308.0,1308.0,1307.0,1311.0,1311.0,1311.0,1572.0,1579.0,1582.0,1597.0,1609.0,1609.0,1597.0,1617.0,1617.0,1617.0,1587.0,1583.0,1615.0,1631.0,7069.0,7069.0,7069.0,7069.0,9980.0,,,,,,,,,,,,,,,,,,,,,,,,,,,,,,,,,,,,,,,,,,,,,,,,,,,,,,,,,,,,,,,,,,,,,,,,,,,,,,,,,,,,,,,,,,,,,,,,,,,,,,,,,,,,,,,,,,,,,,
39,11.0,44.0,25.0,34.0,25.0,49.0,32.0,41.0,29.0,35.0,25.0,18.0,16.0,29.0,31.0,25.0,13.0,17.0,14.0,28.0,25.0,23.0,16.0,21.0,14.0,14.0,6.0,10.0,9.0,37.0,28.0,26.0,-10.0,17.0,-4.0,-5.0,-20.0,37.0,50.0,53.0,35.0,23.0,0.0,23.0,20.0,23.0,0.0,66.0,40.0,94.0,87.0,101.0,42.0,80.0,74.0,42.0,43.0,25.0,31.0,42.0,0.0,0.0,0.0,0.0,0.0,0.0,0.0,0.0,0.0,0.0,-39.0,20.0,10.0,89.0,90.0,143.0,172.0,584.0,641.0,,,,,,,,,,,,,,,,,,,,,,,,,,,,,,,,,,,,,,,,,,,,,,,,,,,,,,,,,,,,,,,,,,,,,,,,,,,,,,,,,,,,,,,,,,,,,,,,,,,,,,,,,,,,,,,,,,,,,,,,,,,,,,,,,,,,,,,,,,,,,,,,,,,,,,,,,,,,,,,,,,,,,,,,,,,,,,,,,,,,,,,,,,,,,,,,
40,25.0,31.0,41.0,37.0,43.0,51.0,34.0,45.0,59.0,93.0,50.0,39.0,43.0,43.0,12.0,35.0,0.0,32.0,12.0,5.0,0.0,26.0,-2.0,11.0,-40.0,-36.0,-66.0,-47.0,-64.0,-53.0,-52.0,-15.0,-29.0,-25.0,-12.0,-13.0,-43.0,-21.0,-114.0,-108.0,-125.0,-93.0,-142.0,-92.0,-87.0,-102.0,-122.0,-125.0,-122.0,-130.0,-159.0,-137.0,-141.0,-169.0,-155.0,-141.0,-159.0,-157.0,-184.0,-112.0,-103.0,-107.0,-133.0,-157.0,-214.0,-86.0,-150.0,-149.0,-146.0,-121.0,-142.0,-139.0,-116.0,-129.0,-123.0,-20.0,-147.0,-106.0,-103.0,-90.0,-166.0,-140.0,-149.0,-34.0,-19.0,-21.0,-57.0,-52.0,-54.0,-41.0,-39.0,-25.0,-111.0,-29.0,-19.0,-22.0,-25.0,-8.0,-109.0,-109.0,-109.0,-79.0,-83.0,-117.0,-180.0,-152.0,-188.0,-94.0,-160.0,-36.0,-203.0,-163.0,-165.0,-162.0,-175.0,-182.0,-178.0,-180.0,-290.0,-157.0,-270.0,-275.0,-338.0,-272.0,-272.0,-259.0,-518.0,-585.0,-621.0,-511.0,-512.0,-549.0,-660.0,-461.0,-745.0,-566.0,-1000.0,-605.0,-666.0,-720.0,-738.0,-734.0,-733.0,-744.0,-721.0,-951.0,-975.0,-768.0,-797.0,,,,,,,,,,,,,,,,,,,,,,,,,,,,,,,,,,,,,,,,,,,,,,,,,,,,,,,,,,,,,,,,,,,,,,,,,,,,,,,,,,,,,,,,,,,,,,,,,,,,,,,,,,,,,,,,,,,,,,,,,,
41,39.0,40.0,42.0,56.0,28.0,47.0,38.0,39.0,28.0,41.0,41.0,57.0,56.0,61.0,43.0,66.0,42.0,51.0,43.0,59.0,28.0,55.0,-14.0,-1.0,-1.0,13.0,1.0,32.0,-7.0,1.0,6.0,4.0,-13.0,55.0,-29.0,-12.0,-45.0,-5.0,-28.0,-22.0,-42.0,-47.0,-53.0,-36.0,-54.0,-37.0,-60.0,-64.0,-259.0,-29.0,-69.0,-46.0,-145.0,-51.0,-88.0,-7.0,-60.0,-54.0,-56.0,-68.0,-94.0,0.0,0.0,0.0,0.0,0.0,0.0,0.0,-32.0,-12.0,,,,,,,,,,,,,,,,,,,,,,,,,,,,,,,,,,,,,,,,,,,,,,,,,,,,,,,,,,,,,,,,,,,,,,,,,,,,,,,,,,,,,,,,,,,,,,,,,,,,,,,,,,,,,,,,,,,,,,,,,,,,,,,,,,,,,,,,,,,,,,,,,,,,,,,,,,,,,,,,,,,,,,,,,,,,,,,,,,,,,,,,,,,,,,,,,,,,,,,,,
42,21.0,23.0,12.0,50.0,21.0,29.0,16.0,15.0,17.0,21.0,-7.0,18.0,-6.0,51.0,35.0,29.0,14.0,28.0,28.0,45.0,0.0,0.0,0.0,27.0,-6.0,23.0,-6.0,6.0,0.0,0.0,-1.0,118.0,100.0,216.0,229.0,212.0,209.0,237.0,208.0,251.0,189.0,299.0,222.0,293.0,244.0,336.0,352.0,901.0,125.0,143.0,165.0,156.0,0.0,0.0,-76.0,-35.0,0.0,0.0,0.0,0.0,0.0,0.0,0.0,0.0,0.0,0.0,0.0,0.0,,,,,,,,,,,,,,,,,,,,,,,,,,,,,,,,,,,,,,,,,,,,,,,,,,,,,,,,,,,,,,,,,,,,,,,,,,,,,,,,,,,,,,,,,,,,,,,,,,,,,,,,,,,,,,,,,,,,,,,,,,,,,,,,,,,,,,,,,,,,,,,,,,,,,,,,,,,,,,,,,,,,,,,,,,,,,,,,,,,,,,,,,,,,,,,,,,,,,,,,,,,
43,28.0,37.0,31.0,50.0,27.0,42.0,32.0,32.0,26.0,54.0,42.0,49.0,45.0,43.0,22.0,54.0,46.0,63.0,41.0,45.0,40.0,44.0,27.0,35.0,26.0,64.0,43.0,48.0,49.0,55.0,42.0,75.0,67.0,56.0,21.0,30.0,35.0,31.0,15.0,61.0,36.0,42.0,53.0,42.0,8.0,6.0,3.0,21.0,8.0,3.0,0.0,0.0,0.0,2.0,0.0,0.0,0.0,0.0,0.0,0.0,0.0,0.0,0.0,0.0,0.0,8.0,0.0,7.0,0.0,2.0,0.0,3.0,,,,,,,,,,,,,,,,,,,,,,,,,,,,,,,,,,,,,,,,,,,,,,,,,,,,,,,,,,,,,,,,,,,,,,,,,,,,,,,,,,,,,,,,,,,,,,,,,,,,,,,,,,,,,,,,,,,,,,,,,,,,,,,,,,,,,,,,,,,,,,,,,,,,,,,,,,,,,,,,,,,,,,,,,,,,,,,,,,,,,,,,,,,,,,,,,,,,,,,
44,20.0,46.0,40.0,43.0,25.0,28.0,18.0,11.0,0.0,42.0,16.0,26.0,11.0,24.0,29.0,12.0,27.0,22.0,17.0,21.0,9.0,22.0,9.0,0.0,-9.0,7.0,-15.0,46.0,38.0,39.0,73.0,38.0,38.0,47.0,-3.0,77.0,100.0,107.0,89.0,92.0,82.0,107.0,96.0,137.0,112.0,136.0,164.0,136.0,99.0,150.0,154.0,165.0,127.0,218.0,239.0,239.0,234.0,263.0,242.0,318.0,280.0,283.0,314.0,289.0,233.0,301.0,293.0,412.0,425.0,350.0,374.0,377.0,331.0,538.0,617.0,663.0,695.0,728.0,734.0,738.0,736.0,761.0,700.0,700.0,700.0,700.0,539.0,596.0,747.0,748.0,748.0,750.0,771.0,827.0,828.0,,,,,,,,,,,,,,,,,,,,,,,,,,,,,,,,,,,,,,,,,,,,,,,,,,,,,,,,,,,,,,,,,,,,,,,,,,,,,,,,,,,,,,,,,,,,,,,,,,,,,,,,,,,,,,,,,,,,,,,,,,,,,,,,,,,,,,,,,,,,,,,,,,,,,,,,,,,,,,,,,,,,,,,,,,,,,,,,
45,29.0,43.0,32.0,29.0,16.0,29.0,31.0,38.0,33.0,43.0,34.0,34.0,25.0,25.0,15.0,28.0,-2.0,-4.0,-9.0,-8.0,-17.0,0.0,-18.0,0.0,-32.0,-2.0,-15.0,0.0,-8.0,0.0,-39.0,-48.0,-60.0,-13.0,-18.0,-21.0,-37.0,-4.0,-7.0,0.0,0.0,0.0,0.0,0.0,0.0,0.0,0.0,0.0,,,,,,,,,,,,,,,,,,,,,,,,,,,,,,,,,,,,,,,,,,,,,,,,,,,,,,,,,,,,,,,,,,,,,,,,,,,,,,,,,,,,,,,,,,,,,,,,,,,,,,,,,,,,,,,,,,,,,,,,,,,,,,,,,,,,,,,,,,,,,,,,,,,,,,,,,,,,,,,,,,,,,,,,,,,,,,,,,,,,,,,,,,,,,,,,,,,,,,,,,,,,,,,,,,,,,,,,,,,,,,,
46,18.0,51.0,24.0,50.0,15.0,23.0,17.0,41.0,32.0,33.0,31.0,28.0,16.0,34.0,23.0,32.0,33.0,39.0,34.0,43.0,28.0,32.0,46.0,52.0,-11.0,-16.0,-11.0,44.0,44.0,28.0,6.0,33.0,12.0,37.0,35.0,33.0,32.0,34.0,0.0,4.0,10.0,43.0,47.0,50.0,5.0,2.0,7.0,16.0,-1.0,-7.0,0.0,0.0,-4.0,0.0,0.0,0.0,0.0,0.0,0.0,14.0,-12.0,0.0,0.0,0.0,0.0,0.0,0.0,0.0,0.0,0.0,0.0,,,,,,,,,,,,,,,,,,,,,,,,,,,,,,,,,,,,,,,,,,,,,,,,,,,,,,,,,,,,,,,,,,,,,,,,,,,,,,,,,,,,,,,,,,,,,,,,,,,,,,,,,,,,,,,,,,,,,,,,,,,,,,,,,,,,,,,,,,,,,,,,,,,,,,,,,,,,,,,,,,,,,,,,,,,,,,,,,,,,,,,,,,,,,,,,,,,,,,,,
47,25.0,38.0,34.0,49.0,32.0,42.0,32.0,34.0,24.0,37.0,20.0,31.0,22.0,42.0,12.0,46.0,26.0,87.0,70.0,62.0,56.0,63.0,60.0,70.0,50.0,57.0,57.0,113.0,131.0,117.0,103.0,137.0,38.0,23.0,12.0,21.0,13.0,31.0,0.0,8.0,-16.0,-13.0,-12.0,-32.0,-54.0,-22.0,-23.0,-9.0,-19.0,-16.0,-8.0,10.0,-1.0,0.0,4.0,7.0,6.0,18.0,17.0,17.0,16.0,55.0,7.0,27.0,19.0,54.0,25.0,24.0,16.0,20.0,18.0,24.0,12.0,17.0,25.0,22.0,18.0,20.0,22.0,33.0,25.0,24.0,16.0,22.0,15.0,35.0,0.0,5.0,3.0,0.0,0.0,0.0,0.0,0.0,0.0,0.0,,,,,,,,,,,,,,,,,,,,,,,,,,,,,,,,,,,,,,,,,,,,,,,,,,,,,,,,,,,,,,,,,,,,,,,,,,,,,,,,,,,,,,,,,,,,,,,,,,,,,,,,,,,,,,,,,,,,,,,,,,,,,,,,,,,,,,,,,,,,,,,,,,,,,,,,,,,,,,,,,,,,,,,,,,,,,,,
48,20.0,58.0,34.0,47.0,11.0,23.0,28.0,41.0,21.0,30.0,28.0,32.0,10.0,11.0,15.0,27.0,25.0,41.0,28.0,29.0,35.0,44.0,24.0,20.0,19.0,14.0,17.0,17.0,-17.0,-5.0,-24.0,-13.0,-13.0,-7.0,-12.0,-6.0,-23.0,0.0,-5.0,-7.0,-9.0,-5.0,0.0,0.0,4.0,12.0,0.0,-6.0,-35.0,-25.0,-25.0,0.0,-38.0,-9.0,-49.0,-29.0,-32.0,-9.0,-24.0,0.0,-23.0,-14.0,-33.0,-50.0,-91.0,-87.0,-107.0,-64.0,-51.0,-26.0,-74.0,-66.0,-67.0,-68.0,-87.0,-78.0,-58.0,-62.0,-48.0,-44.0,-56.0,-55.0,-39.0,-42.0,-40.0,-44.0,-52.0,-50.0,-61.0,-12.0,-40.0,-35.0,-61.0,-54.0,-61.0,-49.0,-51.0,-51.0,-35.0,-50.0,-40.0,-55.0,-67.0,-42.0,-41.0,-35.0,-71.0,-47.0,-56.0,-43.0,-80.0,-40.0,-39.0,-27.0,-30.0,-21.0,-6.0,-16.0,-29.0,-18.0,0.0,0.0,-28.0,-40.0,-27.0,-11.0,-9.0,0.0,0.0,0.0,-37.0,-27.0,-38.0,-23.0,-43.0,-36.0,-48.0,-32.0,-17.0,-32.0,-27.0,-30.0,0.0,0.0,0.0,0.0,0.0,0.0,0.0,0.0,0.0,0.0,0.0,0.0,0.0,0.0,0.0,0.0,-23.0,0.0,-17.0,-7.0,0.0,0.0,-25.0,-41.0,-37.0,-14.0,0.0,0.0,,,,,,,,,,,,,,,,,,,,,,,,,,,,,,,,,,,,,,,,,,,,,,,,,,,,,,,,,,,,,,,,,,,,,,,,,,,,,,,,,,,,,,,,,,,,,,,,,,,,,
49,37.0,56.0,45.0,48.0,35.0,37.0,38.0,38.0,33.0,27.0,28.0,31.0,28.0,27.0,6.0,23.0,7.0,7.0,-35.0,-17.0,-14.0,-16.0,-31.0,40.0,32.0,56.0,29.0,50.0,40.0,44.0,16.0,30.0,20.0,27.0,21.0,92.0,102.0,113.0,63.0,100.0,104.0,112.0,121.0,145.0,152.0,227.0,177.0,251.0,239.0,398.0,398.0,550.0,426.0,484.0,521.0,604.0,617.0,710.0,528.0,924.0,807.0,,,,,,,,,,,,,,,,,,,,,,,,,,,,,,,,,,,,,,,,,,,,,,,,,,,,,,,,,,,,,,,,,,,,,,,,,,,,,,,,,,,,,,,,,,,,,,,,,,,,,,,,,,,,,,,,,,,,,,,,,,,,,,,,,,,,,,,,,,,,,,,,,,,,,,,,,,,,,,,,,,,,,,,,,,,,,,,,,,,,,,,,,,,,,,,,,,,,,,,,,,,,,,,,,,
50,14.0,49.0,35.0,42.0,23.0,47.0,24.0,28.0,20.0,25.0,25.0,30.0,15.0,42.0,11.0,29.0,19.0,27.0,18.0,16.0,32.0,41.0,33.0,49.0,24.0,42.0,40.0,84.0,68.0,84.0,79.0,80.0,55.0,79.0,82.0,151.0,118.0,156.0,117.0,122.0,126.0,286.0,279.0,300.0,253.0,273.0,293.0,286.0,310.0,313.0,241.0,307.0,264.0,333.0,321.0,313.0,337.0,357.0,273.0,396.0,139.0,169.0,162.0,196.0,155.0,218.0,221.0,244.0,103.0,142.0,175.0,824.0,222.0,226.0,271.0,256.0,287.0,345.0,362.0,564.0,554.0,535.0,499.0,506.0,442.0,447.0,474.0,509.0,493.0,537.0,351.0,544.0,533.0,557.0,539.0,625.0,555.0,638.0,715.0,727.0,765.0,766.0,767.0,766.0,746.0,811.0,778.0,818.0,785.0,850.0,860.0,870.0,1014.0,1106.0,1112.0,1110.0,1110.0,1113.0,1275.0,1298.0,1271.0,1303.0,1296.0,1462.0,1305.0,1305.0,1272.0,,,,,,,,,,,,,,,,,,,,,,,,,,,,,,,,,,,,,,,,,,,,,,,,,,,,,,,,,,,,,,,,,,,,,,,,,,,,,,,,,,,,,,,,,,,,,,,,,,,,,,,,,,,,,,,,,,,,,,,,,,,,,,,,,,,,,,,,,,,,,,,,
51,25.0,51.0,43.0,53.0,35.0,63.0,11.0,49.0,44.0,50.0,40.0,51.0,39.0,50.0,35.0,41.0,27.0,20.0,15.0,51.0,12.0,131.0,67.0,121.0,116.0,132.0,135.0,114.0,58.0,72.0,56.0,71.0,71.0,97.0,68.0,77.0,68.0,78.0,49.0,134.0,134.0,168.0,153.0,191.0,144.0,154.0,126.0,152.0,122.0,167.0,172.0,237.0,188.0,195.0,42.0,27.0,27.0,51.0,15.0,99.0,93.0,147.0,125.0,135.0,100.0,144.0,77.0,97.0,64.0,86.0,96.0,107.0,103.0,204.0,186.0,185.0,190.0,360.0,136.0,183.0,155.0,196.0,170.0,239.0,241.0,240.0,91.0,263.0,59.0,44.0,20.0,376.0,365.0,478.0,474.0,516.0,524.0,852.0,614.0,866.0,481.0,597.0,311.0,366.0,369.0,390.0,217.0,213.0,272.0,490.0,570.0,629.0,714.0,718.0,730.0,731.0,736.0,938.0,992.0,992.0,992.0,994.0,996.0,,,,,,,,,,,,,,,,,,,,,,,,,,,,,,,,,,,,,,,,,,,,,,,,,,,,,,,,,,,,,,,,,,,,,,,,,,,,,,,,,,,,,,,,,,,,,,,,,,,,,,,,,,,,,,,,,,,,,,,,,,,,,,,,,,,,,,,,,,,,,,,,,,,,
52,41.0,33.0,40.0,51.0,23.0,28.0,28.0,24.0,25.0,21.0,28.0,43.0,24.0,34.0,9.0,19.0,7.0,8.0,4.0,41.0,21.0,24.0,19.0,15.0,20.0,34.0,18.0,32.0,17.0,29.0,20.0,24.0,6.0,26.0,7.0,43.0,22.0,46.0,-19.0,-15.0,-16.0,-25.0,-46.0,-34.0,-151.0,-162.0,-179.0,-138.0,-165.0,-141.0,-141.0,-66.0,-59.0,-55.0,-63.0,-29.0,-150.0,-117.0,-133.0,-116.0,-200.0,-241.0,-365.0,-366.0,-471.0,-475.0,-512.0,-450.0,-528.0,-423.0,-534.0,-461.0,-566.0,-578.0,-610.0,-617.0,-685.0,-432.0,-750.0,-718.0,-883.0,-900.0,-1343.0,-1361.0,-9996.0,-9997.0,,,,,,,,,,,,,,,,,,,,,,,,,,,,,,,,,,,,,,,,,,,,,,,,,,,,,,,,,,,,,,,,,,,,,,,,,,,,,,,,,,,,,,,,,,,,,,,,,,,,,,,,,,,,,,,,,,,,,,,,,,,,,,,,,,,,,,,,,,,,,,,,,,,,,,,,,,,,,,,,,,,,,,,,,,,,,,,,,,,,,,,,,
53,16.0,44.0,31.0,40.0,47.0,63.0,44.0,54.0,51.0,62.0,63.0,74.0,61.0,62.0,18.0,49.0,21.0,40.0,32.0,40.0,21.0,40.0,33.0,41.0,36.0,28.0,17.0,28.0,34.0,33.0,31.0,37.0,0.0,0.0,-16.0,-11.0,-13.0,25.0,44.0,19.0,25.0,22.0,12.0,42.0,0.0,31.0,-101.0,-69.0,-125.0,-21.0,-251.0,-275.0,-304.0,-134.0,-164.0,-101.0,-137.0,-57.0,-131.0,-207.0,-237.0,-190.0,-226.0,-59.0,-53.0,-47.0,-46.0,-47.0,-98.0,-46.0,-51.0,-46.0,-37.0,-29.0,-58.0,-46.0,-206.0,-156.0,-358.0,-352.0,-550.0,-274.0,-496.0,-598.0,-550.0,-521.0,-678.0,-616.0,,,,,,,,,,,,,,,,,,,,,,,,,,,,,,,,,,,,,,,,,,,,,,,,,,,,,,,,,,,,,,,,,,,,,,,,,,,,,,,,,,,,,,,,,,,,,,,,,,,,,,,,,,,,,,,,,,,,,,,,,,,,,,,,,,,,,,,,,,,,,,,,,,,,,,,,,,,,,,,,,,,,,,,,,,,,,,,,,,,,,,,
54,21.0,29.0,33.0,72.0,24.0,31.0,12.0,27.0,35.0,49.0,34.0,42.0,25.0,47.0,46.0,54.0,20.0,28.0,19.0,14.0,13.0,19.0,-19.0,-29.0,-41.0,1.0,5.0,-3.0,-22.0,-5.0,8.0,16.0,0.0,0.0,0.0,0.0,-21.0,0.0,-5.0,0.0,0.0,0.0,0.0,0.0,0.0,0.0,0.0,0.0,0.0,0.0,0.0,0.0,0.0,0.0,0.0,0.0,0.0,5.0,0.0,0.0,-16.0,122.0,101.0,192.0,195.0,197.0,220.0,319.0,287.0,468.0,358.0,420.0,411.0,439.0,363.0,579.0,586.0,,,,,,,,,,,,,,,,,,,,,,,,,,,,,,,,,,,,,,,,,,,,,,,,,,,,,,,,,,,,,,,,,,,,,,,,,,,,,,,,,,,,,,,,,,,,,,,,,,,,,,,,,,,,,,,,,,,,,,,,,,,,,,,,,,,,,,,,,,,,,,,,,,,,,,,,,,,,,,,,,,,,,,,,,,,,,,,,,,,,,,,,,,,,,,,,,,
55,27.0,45.0,35.0,40.0,27.0,46.0,24.0,34.0,26.0,46.0,34.0,25.0,36.0,40.0,5.0,9.0,31.0,34.0,24.0,38.0,23.0,43.0,36.0,34.0,39.0,45.0,9.0,10.0,0.0,19.0,3.0,17.0,12.0,43.0,23.0,18.0,16.0,28.0,27.0,17.0,13.0,10.0,5.0,5.0,13.0,12.0,2.0,12.0,12.0,7.0,6.0,6.0,5.0,6.0,5.0,6.0,6.0,5.0,4.0,4.0,4.0,5.0,0.0,,,,,,,,,,,,,,,,,,,,,,,,,,,,,,,,,,,,,,,,,,,,,,,,,,,,,,,,,,,,,,,,,,,,,,,,,,,,,,,,,,,,,,,,,,,,,,,,,,,,,,,,,,,,,,,,,,,,,,,,,,,,,,,,,,,,,,,,,,,,,,,,,,,,,,,,,,,,,,,,,,,,,,,,,,,,,,,,,,,,,,,,,,,,,,,,,,,,,,,,,,,,,,,,
56,21.0,56.0,33.0,55.0,45.0,53.0,25.0,47.0,52.0,51.0,54.0,50.0,52.0,53.0,31.0,53.0,26.0,72.0,71.0,82.0,78.0,78.0,66.0,84.0,80.0,94.0,55.0,77.0,72.0,105.0,86.0,70.0,84.0,73.0,82.0,87.0,72.0,70.0,68.0,71.0,53.0,64.0,64.0,75.0,62.0,62.0,31.0,50.0,0.0,0.0,0.0,0.0,28.0,16.0,25.0,24.0,29.0,29.0,25.0,60.0,40.0,38.0,29.0,25.0,19.0,47.0,35.0,33.0,36.0,39.0,18.0,22.0,16.0,27.0,14.0,9.0,19.0,13.0,3.0,12.0,9.0,45.0,34.0,36.0,50.0,72.0,55.0,149.0,41.0,38.0,42.0,15.0,0.0,0.0,0.0,0.0,11.0,0.0,0.0,0.0,0.0,0.0,0.0,0.0,0.0,0.0,0.0,0.0,0.0,0.0,0.0,0.0,0.0,0.0,0.0,0.0,0.0,0.0,0.0,0.0,0.0,0.0,0.0,0.0,0.0,0.0,0.0,0.0,0.0,,,,,,,,,,,,,,,,,,,,,,,,,,,,,,,,,,,,,,,,,,,,,,,,,,,,,,,,,,,,,,,,,,,,,,,,,,,,,,,,,,,,,,,,,,,,,,,,,,,,,,,,,,,,,,,,,,,,,,,,,,,,,,,,,,,,,,,,,,,,,,
57,16.0,60.0,40.0,49.0,49.0,52.0,21.0,48.0,18.0,20.0,20.0,44.0,25.0,23.0,30.0,28.0,37.0,55.0,13.0,49.0,12.0,27.0,27.0,55.0,47.0,68.0,55.0,82.0,-6.0,3.0,-3.0,96.0,32.0,60.0,22.0,45.0,28.0,30.0,26.0,19.0,32.0,23.0,16.0,27.0,3.0,59.0,-13.0,-5.0,-16.0,-1.0,-1.0,-1.0,-2.0,-3.0,-25.0,-23.0,-27.0,-17.0,-11.0,-11.0,-15.0,-11.0,-15.0,0.0,0.0,0.0,,,,,,,,,,,,,,,,,,,,,,,,,,,,,,,,,,,,,,,,,,,,,,,,,,,,,,,,,,,,,,,,,,,,,,,,,,,,,,,,,,,,,,,,,,,,,,,,,,,,,,,,,,,,,,,,,,,,,,,,,,,,,,,,,,,,,,,,,,,,,,,,,,,,,,,,,,,,,,,,,,,,,,,,,,,,,,,,,,,,,,,,,,,,,,,,,,,,,,,,,,,,,
58,22.0,35.0,32.0,49.0,13.0,17.0,13.0,15.0,23.0,17.0,11.0,25.0,5.0,14.0,8.0,0.0,-13.0,-9.0,-5.0,8.0,0.0,-18.0,-8.0,-4.0,3.0,12.0,-23.0,-22.0,-15.0,-14.0,-32.0,0.0,0.0,19.0,10.0,6.0,6.0,23.0,12.0,19.0,0.0,10.0,-24.0,0.0,0.0,4.0,-46.0,0.0,-10.0,0.0,-37.0,-46.0,-141.0,-136.0,-149.0,-97.0,-123.0,-55.0,-120.0,-62.0,-111.0,-61.0,-85.0,-86.0,-129.0,-106.0,-123.0,-97.0,-97.0,-105.0,-103.0,-54.0,-134.0,-135.0,-225.0,-74.0,-117.0,-105.0,-108.0,-86.0,-54.0,-39.0,-198.0,-199.0,-252.0,-260.0,-240.0,-266.0,-256.0,-186.0,-421.0,-527.0,-509.0,-207.0,-332.0,-273.0,-422.0,-32.0,-426.0,0.0,0.0,0.0,0.0,0.0,0.0,0.0,-4.0,0.0,-71.0,-70.0,-64.0,-60.0,-60.0,-60.0,-59.0,-57.0,-82.0,-91.0,-80.0,0.0,0.0,0.0,-427.0,-603.0,-712.0,-734.0,-721.0,-658.0,-690.0,-744.0,-742.0,-738.0,-787.0,-809.0,-811.0,-812.0,-812.0,-833.0,-814.0,-838.0,-840.0,-842.0,-852.0,-832.0,-897.0,-990.0,-1076.0,-1105.0,,,,,,,,,,,,,,,,,,,,,,,,,,,,,,,,,,,,,,,,,,,,,,,,,,,,,,,,,,,,,,,,,,,,,,,,,,,,,,,,,,,,,,,,,,,,,,,,,,,,,,,,,,,,,,,,,,,,,,,,,,,
59,30.0,51.0,39.0,58.0,30.0,26.0,33.0,35.0,29.0,50.0,0.0,14.0,11.0,43.0,7.0,25.0,28.0,19.0,12.0,27.0,19.0,26.0,32.0,33.0,-15.0,-10.0,0.0,28.0,-14.0,6.0,-7.0,-9.0,-47.0,26.0,20.0,0.0,0.0,0.0,28.0,30.0,-29.0,-33.0,-54.0,0.0,-72.0,-63.0,-71.0,-73.0,-55.0,-55.0,-59.0,-51.0,-264.0,-239.0,-286.0,-272.0,-250.0,-86.0,-109.0,-54.0,-262.0,-183.0,-181.0,-185.0,-199.0,-181.0,-212.0,-183.0,-225.0,-202.0,-358.0,-307.0,-399.0,-386.0,-424.0,-413.0,-439.0,-495.0,-583.0,-609.0,-600.0,-606.0,,,,,,,,,,,,,,,,,,,,,,,,,,,,,,,,,,,,,,,,,,,,,,,,,,,,,,,,,,,,,,,,,,,,,,,,,,,,,,,,,,,,,,,,,,,,,,,,,,,,,,,,,,,,,,,,,,,,,,,,,,,,,,,,,,,,,,,,,,,,,,,,,,,,,,,,,,,,,,,,,,,,,,,,,,,,,,,,,,,,,,,,,,,,,
60,37.0,35.0,19.0,25.0,12.0,21.0,23.0,40.0,8.0,6.0,17.0,57.0,43.0,72.0,51.0,67.0,74.0,64.0,40.0,97.0,75.0,72.0,70.0,100.0,113.0,226.0,215.0,240.0,199.0,241.0,148.0,181.0,130.0,150.0,149.0,243.0,239.0,233.0,163.0,250.0,232.0,246.0,301.0,300.0,250.0,290.0,276.0,272.0,170.0,237.0,205.0,236.0,265.0,290.0,209.0,401.0,292.0,268.0,166.0,164.0,169.0,329.0,357.0,383.0,352.0,384.0,349.0,391.0,365.0,714.0,708.0,1046.0,422.0,408.0,458.0,715.0,771.0,764.0,776.0,765.0,389.0,537.0,462.0,431.0,460.0,560.0,547.0,587.0,620.0,652.0,653.0,690.0,653.0,757.0,837.0,973.0,1272.0,2037.0,,,,,,,,,,,,,,,,,,,,,,,,,,,,,,,,,,,,,,,,,,,,,,,,,,,,,,,,,,,,,,,,,,,,,,,,,,,,,,,,,,,,,,,,,,,,,,,,,,,,,,,,,,,,,,,,,,,,,,,,,,,,,,,,,,,,,,,,,,,,,,,,,,,,,,,,,,,,,,,,,,,,,,,,,,,,,
61,21.0,35.0,27.0,45.0,28.0,48.0,26.0,35.0,23.0,38.0,37.0,36.0,32.0,99.0,70.0,81.0,69.0,69.0,47.0,56.0,9.0,28.0,-50.0,-58.0,-65.0,-52.0,-52.0,-55.0,-60.0,-26.0,-40.0,-17.0,-38.0,-5.0,-25.0,0.0,-5.0,5.0,-11.0,56.0,28.0,41.0,18.0,3.0,-12.0,-16.0,-8.0,-6.0,-6.0,0.0,-28.0,0.0,0.0,0.0,0.0,0.0,0.0,0.0,0.0,5.0,4.0,2.0,2.0,0.0,3.0,10.0,4.0,4.0,3.0,0.0,0.0,0.0,0.0,0.0,0.0,0.0,0.0,,,,,,,,,,,,,,,,,,,,,,,,,,,,,,,,,,,,,,,,,,,,,,,,,,,,,,,,,,,,,,,,,,,,,,,,,,,,,,,,,,,,,,,,,,,,,,,,,,,,,,,,,,,,,,,,,,,,,,,,,,,,,,,,,,,,,,,,,,,,,,,,,,,,,,,,,,,,,,,,,,,,,,,,,,,,,,,,,,,,,,,,,,,,,,,,,,
62,32.0,45.0,42.0,46.0,16.0,23.0,27.0,37.0,27.0,33.0,14.0,24.0,22.0,20.0,7.0,17.0,-62.0,-45.0,-60.0,-52.0,-43.0,-28.0,-79.0,-36.0,-100.0,-100.0,-116.0,-84.0,-103.0,-70.0,-81.0,-64.0,-69.0,-76.0,-173.0,-154.0,-162.0,-142.0,-176.0,-149.0,-156.0,-111.0,-230.0,-184.0,-215.0,-149.0,-175.0,-191.0,-195.0,-185.0,-320.0,-119.0,-133.0,-124.0,-139.0,-160.0,-151.0,-157.0,-136.0,-84.0,-151.0,-79.0,-63.0,-78.0,-96.0,-88.0,-100.0,-101.0,-112.0,-43.0,-33.0,-15.0,-14.0,-26.0,-7.0,-13.0,-26.0,-12.0,-12.0,-19.0,-94.0,-7.0,-19.0,-12.0,-10.0,-31.0,-25.0,-21.0,-16.0,-14.0,-15.0,-6.0,,,,,,,,,,,,,,,,,,,,,,,,,,,,,,,,,,,,,,,,,,,,,,,,,,,,,,,,,,,,,,,,,,,,,,,,,,,,,,,,,,,,,,,,,,,,,,,,,,,,,,,,,,,,,,,,,,,,,,,,,,,,,,,,,,,,,,,,,,,,,,,,,,,,,,,,,,,,,,,,,,,,,,,,,,,,,,,,,,,
63,25.0,32.0,24.0,60.0,66.0,70.0,56.0,76.0,53.0,62.0,53.0,72.0,78.0,77.0,76.0,98.0,82.0,91.0,68.0,92.0,82.0,0.0,0.0,0.0,0.0,0.0,0.0,0.0,0.0,0.0,0.0,0.0,0.0,0.0,0.0,0.0,,,,,,,,,,,,,,,,,,,,,,,,,,,,,,,,,,,,,,,,,,,,,,,,,,,,,,,,,,,,,,,,,,,,,,,,,,,,,,,,,,,,,,,,,,,,,,,,,,,,,,,,,,,,,,,,,,,,,,,,,,,,,,,,,,,,,,,,,,,,,,,,,,,,,,,,,,,,,,,,,,,,,,,,,,,,,,,,,,,,,,,,,,,,,,,,,,,,,,,,,,,,,,,,,,,,,,,,,,,,,,,,,,,,,,,,,,,
64,26.0,40.0,46.0,58.0,35.0,43.0,25.0,52.0,5.0,10.0,17.0,44.0,22.0,15.0,15.0,30.0,34.0,23.0,35.0,19.0,19.0,39.0,18.0,38.0,28.0,22.0,12.0,17.0,16.0,13.0,-4.0,0.0,0.0,0.0,0.0,32.0,37.0,35.0,32.0,35.0,31.0,18.0,31.0,61.0,18.0,20.0,19.0,19.0,23.0,37.0,8.0,19.0,10.0,0.0,3.0,33.0,18.0,13.0,20.0,28.0,0.0,0.0,0.0,0.0,0.0,0.0,0.0,0.0,0.0,0.0,0.0,0.0,0.0,0.0,0.0,0.0,0.0,,,,,,,,,,,,,,,,,,,,,,,,,,,,,,,,,,,,,,,,,,,,,,,,,,,,,,,,,,,,,,,,,,,,,,,,,,,,,,,,,,,,,,,,,,,,,,,,,,,,,,,,,,,,,,,,,,,,,,,,,,,,,,,,,,,,,,,,,,,,,,,,,,,,,,,,,,,,,,,,,,,,,,,,,,,,,,,,,,,,,,,,,,,,,,,,,,
65,37.0,46.0,24.0,47.0,25.0,48.0,40.0,56.0,38.0,35.0,35.0,49.0,35.0,33.0,27.0,43.0,40.0,91.0,84.0,87.0,72.0,95.0,88.0,93.0,63.0,86.0,56.0,69.0,10.0,25.0,0.0,0.0,0.0,0.0,-19.0,-6.0,-37.0,-28.0,-58.0,-45.0,-56.0,-50.0,-63.0,-54.0,-127.0,-106.0,-114.0,0.0,4.0,-12.0,0.0,50.0,59.0,66.0,44.0,162.0,148.0,187.0,156.0,190.0,153.0,155.0,214.0,288.0,278.0,277.0,246.0,270.0,227.0,239.0,254.0,287.0,297.0,389.0,101.0,292.0,197.0,125.0,133.0,369.0,156.0,149.0,131.0,477.0,123.0,509.0,205.0,625.0,738.0,764.0,561.0,835.0,906.0,906.0,906.0,906.0,896.0,906.0,927.0,945.0,1030.0,1050.0,1085.0,1091.0,1094.0,1274.0,1275.0,,,,,,,,,,,,,,,,,,,,,,,,,,,,,,,,,,,,,,,,,,,,,,,,,,,,,,,,,,,,,,,,,,,,,,,,,,,,,,,,,,,,,,,,,,,,,,,,,,,,,,,,,,,,,,,,,,,,,,,,,,,,,,,,,,,,,,,,,,,,,,,,,,,,,,,,,,,,,,,,,,,,
66,41.0,60.0,44.0,36.0,39.0,68.0,58.0,64.0,62.0,67.0,59.0,59.0,43.0,111.0,53.0,55.0,63.0,64.0,52.0,70.0,75.0,46.0,27.0,60.0,19.0,29.0,23.0,38.0,33.0,49.0,32.0,42.0,35.0,47.0,35.0,35.0,41.0,62.0,50.0,51.0,52.0,46.0,49.0,41.0,36.0,37.0,38.0,40.0,47.0,47.0,44.0,40.0,18.0,33.0,31.0,47.0,44.0,47.0,58.0,87.0,99.0,60.0,59.0,61.0,64.0,65.0,64.0,66.0,60.0,58.0,57.0,56.0,57.0,56.0,55.0,55.0,55.0,54.0,54.0,54.0,274.0,357.0,616.0,626.0,733.0,726.0,699.0,702.0,706.0,706.0,706.0,1307.0,1353.0,1361.0,1641.0,1676.0,1678.0,1678.0,1596.0,1686.0,1453.0,1701.0,1710.0,,,,,,,,,,,,,,,,,,,,,,,,,,,,,,,,,,,,,,,,,,,,,,,,,,,,,,,,,,,,,,,,,,,,,,,,,,,,,,,,,,,,,,,,,,,,,,,,,,,,,,,,,,,,,,,,,,,,,,,,,,,,,,,,,,,,,,,,,,,,,,,,,,,,,,,,,,,,,,,,,,,,,,,,
67,42.0,39.0,24.0,32.0,35.0,70.0,40.0,49.0,52.0,62.0,43.0,59.0,50.0,36.0,53.0,31.0,40.0,48.0,38.0,50.0,32.0,40.0,45.0,42.0,46.0,59.0,38.0,48.0,37.0,45.0,38.0,48.0,33.0,30.0,0.0,1.0,0.0,0.0,0.0,10.0,2.0,2.0,0.0,-7.0,0.0,0.0,0.0,0.0,-20.0,-11.0,-15.0,-4.0,-14.0,-4.0,-15.0,0.0,-7.0,-28.0,-55.0,-44.0,-48.0,-60.0,-55.0,-56.0,-74.0,-53.0,-64.0,-52.0,-49.0,-52.0,-106.0,-105.0,-97.0,-91.0,-94.0,-56.0,-144.0,-140.0,-146.0,-119.0,-506.0,-496.0,-518.0,-510.0,-496.0,-682.0,-763.0,-770.0,-877.0,-906.0,-926.0,-992.0,-997.0,-939.0,-1069.0,-939.0,-1111.0,-1092.0,-1201.0,-1204.0,-1205.0,-1271.0,,,,,,,,,,,,,,,,,,,,,,,,,,,,,,,,,,,,,,,,,,,,,,,,,,,,,,,,,,,,,,,,,,,,,,,,,,,,,,,,,,,,,,,,,,,,,,,,,,,,,,,,,,,,,,,,,,,,,,,,,,,,,,,,,,,,,,,,,,,,,,,,,,,,,,,,,,,,,,,,,,,,,,,,,
68,30.0,47.0,44.0,46.0,29.0,37.0,29.0,48.0,12.0,27.0,22.0,50.0,3.0,32.0,22.0,43.0,18.0,39.0,28.0,32.0,16.0,34.0,14.0,26.0,23.0,31.0,32.0,43.0,35.0,33.0,37.0,48.0,32.0,29.0,21.0,39.0,26.0,23.0,14.0,44.0,12.0,34.0,29.0,50.0,35.0,50.0,50.0,56.0,55.0,82.0,55.0,53.0,54.0,73.0,69.0,71.0,68.0,72.0,19.0,30.0,27.0,60.0,34.0,45.0,46.0,45.0,44.0,64.0,35.0,40.0,-7.0,87.0,78.0,85.0,69.0,75.0,72.0,89.0,59.0,77.0,79.0,65.0,79.0,72.0,47.0,57.0,3.0,75.0,60.0,56.0,53.0,56.0,66.0,44.0,35.0,30.0,25.0,37.0,21.0,39.0,19.0,25.0,12.0,42.0,32.0,37.0,5.0,104.0,44.0,79.0,37.0,74.0,61.0,39.0,33.0,271.0,413.0,465.0,502.0,548.0,548.0,493.0,540.0,588.0,607.0,607.0,357.0,364.0,490.0,525.0,502.0,579.0,476.0,530.0,605.0,668.0,674.0,726.0,775.0,775.0,775.0,776.0,776.0,1207.0,1233.0,1350.0,1380.0,1452.0,1290.0,1700.0,1646.0,1646.0,1645.0,,,,,,,,,,,,,,,,,,,,,,,,,,,,,,,,,,,,,,,,,,,,,,,,,,,,,,,,,,,,,,,,,,,,,,,,,,,,,,,,,,,,,,,,,,,,,,,,,,,,,,,,,,,,,,,,,,,,,,
69,27.0,71.0,39.0,52.0,54.0,52.0,4.0,33.0,14.0,19.0,2.0,28.0,4.0,4.0,0.0,5.0,0.0,15.0,-25.0,-9.0,-12.0,-15.0,-46.0,-40.0,-22.0,-25.0,-31.0,-20.0,-34.0,-31.0,-40.0,-38.0,-42.0,-35.0,-42.0,-46.0,-123.0,-93.0,-124.0,-88.0,-120.0,-114.0,-131.0,-100.0,-128.0,-123.0,-131.0,-125.0,-158.0,-155.0,-154.0,-82.0,-126.0,-70.0,-75.0,-89.0,-125.0,-87.0,-183.0,-7.0,-19.0,0.0,0.0,0.0,0.0,29.0,17.0,112.0,148.0,164.0,87.0,218.0,96.0,90.0,92.0,89.0,75.0,99.0,76.0,126.0,133.0,161.0,150.0,158.0,127.0,152.0,146.0,250.0,273.0,277.0,285.0,279.0,289.0,371.0,250.0,394.0,424.0,399.0,395.0,525.0,482.0,520.0,491.0,565.0,567.0,,,,,,,,,,,,,,,,,,,,,,,,,,,,,,,,,,,,,,,,,,,,,,,,,,,,,,,,,,,,,,,,,,,,,,,,,,,,,,,,,,,,,,,,,,,,,,,,,,,,,,,,,,,,,,,,,,,,,,,,,,,,,,,,,,,,,,,,,,,,,,,,,,,,,,,,,,,,,,,,,,,,,,
70,37.0,50.0,38.0,44.0,20.0,21.0,26.0,37.0,0.0,0.0,10.0,24.0,-19.0,-4.0,-5.0,0.0,-10.0,0.0,-9.0,-5.0,-5.0,-16.0,0.0,6.0,0.0,0.0,6.0,17.0,6.0,33.0,27.0,24.0,48.0,54.0,20.0,25.0,40.0,57.0,9.0,45.0,43.0,53.0,45.0,64.0,33.0,24.0,24.0,16.0,4.0,10.0,2.0,5.0,4.0,1.0,-17.0,9.0,-46.0,-35.0,-50.0,-20.0,-56.0,14.0,0.0,0.0,-54.0,,,,,,,,,,,,,,,,,,,,,,,,,,,,,,,,,,,,,,,,,,,,,,,,,,,,,,,,,,,,,,,,,,,,,,,,,,,,,,,,,,,,,,,,,,,,,,,,,,,,,,,,,,,,,,,,,,,,,,,,,,,,,,,,,,,,,,,,,,,,,,,,,,,,,,,,,,,,,,,,,,,,,,,,,,,,,,,,,,,,,,,,,,,,,,,,,,,,,,,,,,,,,,
71,30.0,38.0,29.0,42.0,23.0,60.0,40.0,46.0,10.0,29.0,-23.0,-5.0,-28.0,0.0,-34.0,-18.0,-66.0,-40.0,-98.0,-84.0,-101.0,-54.0,-72.0,-66.0,-67.0,-27.0,-68.0,-58.0,-75.0,-51.0,-59.0,-6.0,-33.0,-25.0,-46.0,-46.0,-111.0,-3.0,-70.0,-34.0,-74.0,-85.0,-106.0,-81.0,-151.0,-45.0,-96.0,-125.0,-123.0,-116.0,-128.0,-128.0,-104.0,-99.0,-111.0,-61.0,-64.0,-55.0,-42.0,-39.0,-94.0,-96.0,-82.0,-71.0,-70.0,-68.0,-78.0,-25.0,-17.0,0.0,0.0,0.0,0.0,0.0,0.0,0.0,0.0,0.0,0.0,0.0,-15.0,0.0,0.0,0.0,0.0,0.0,0.0,0.0,0.0,0.0,0.0,20.0,0.0,0.0,0.0,0.0,0.0,0.0,0.0,0.0,0.0,0.0,0.0,0.0,0.0,0.0,0.0,0.0,0.0,0.0,0.0,0.0,0.0,0.0,0.0,0.0,0.0,0.0,0.0,0.0,0.0,0.0,0.0,0.0,0.0,0.0,0.0,0.0,0.0,0.0,0.0,0.0,0.0,58.0,0.0,0.0,0.0,0.0,0.0,0.0,0.0,0.0,0.0,0.0,0.0,0.0,0.0,0.0,0.0,0.0,0.0,0.0,0.0,0.0,0.0,0.0,0.0,0.0,0.0,0.0,-312.0,-66.0,-59.0,-73.0,-75.0,-52.0,-45.0,0.0,-38.0,-112.0,-80.0,-34.0,-62.0,-38.0,-39.0,0.0,-416.0,-507.0,-612.0,-581.0,-836.0,-839.0,,,,,,,,,,,,,,,,,,,,,,,,,,,,,,,,,,,,,,,,,,,,,,,,,,,,,,,,,,,,,,,,,,,,,,,,,,,,,,,,,,,,,,,,,
72,24.0,33.0,44.0,56.0,23.0,65.0,24.0,20.0,22.0,10.0,-2.0,9.0,0.0,51.0,13.0,6.0,-2.0,35.0,32.0,18.0,30.0,29.0,54.0,89.0,60.0,87.0,54.0,60.0,61.0,70.0,59.0,86.0,84.0,85.0,70.0,115.0,55.0,87.0,79.0,108.0,100.0,92.0,101.0,104.0,87.0,304.0,299.0,364.0,412.0,530.0,561.0,578.0,561.0,595.0,605.0,600.0,613.0,610.0,509.0,509.0,546.0,547.0,548.0,673.0,656.0,655.0,676.0,,,,,,,,,,,,,,,,,,,,,,,,,,,,,,,,,,,,,,,,,,,,,,,,,,,,,,,,,,,,,,,,,,,,,,,,,,,,,,,,,,,,,,,,,,,,,,,,,,,,,,,,,,,,,,,,,,,,,,,,,,,,,,,,,,,,,,,,,,,,,,,,,,,,,,,,,,,,,,,,,,,,,,,,,,,,,,,,,,,,,,,,,,,,,,,,,,,,,,,,,,,,
73,23.0,71.0,37.0,47.0,26.0,35.0,33.0,85.0,52.0,57.0,57.0,62.0,45.0,66.0,31.0,81.0,87.0,113.0,96.0,93.0,90.0,108.0,89.0,91.0,93.0,162.0,139.0,170.0,151.0,169.0,159.0,162.0,156.0,211.0,203.0,227.0,157.0,177.0,142.0,151.0,131.0,140.0,123.0,137.0,121.0,118.0,46.0,73.0,63.0,60.0,70.0,77.0,75.0,75.0,76.0,78.0,68.0,76.0,78.0,73.0,54.0,83.0,72.0,50.0,37.0,64.0,83.0,42.0,13.0,19.0,39.0,12.0,11.0,78.0,66.0,70.0,21.0,71.0,19.0,47.0,43.0,50.0,43.0,42.0,38.0,73.0,33.0,208.0,179.0,186.0,180.0,191.0,125.0,222.0,95.0,98.0,76.0,54.0,63.0,74.0,91.0,54.0,57.0,337.0,53.0,62.0,38.0,42.0,34.0,26.0,21.0,24.0,25.0,36.0,24.0,24.0,37.0,24.0,0.0,0.0,0.0,0.0,-1.0,-1.0,0.0,0.0,0.0,0.0,0.0,0.0,0.0,0.0,0.0,0.0,0.0,0.0,0.0,,,,,,,,,,,,,,,,,,,,,,,,,,,,,,,,,,,,,,,,,,,,,,,,,,,,,,,,,,,,,,,,,,,,,,,,,,,,,,,,,,,,,,,,,,,,,,,,,,,,,,,,,,,,,,,,,,,,,,,,,,,,,,,,,,,,,,
74,26.0,33.0,23.0,31.0,14.0,34.0,11.0,17.0,19.0,31.0,7.0,18.0,-18.0,8.0,0.0,26.0,4.0,0.0,0.0,0.0,0.0,0.0,0.0,5.0,25.0,50.0,50.0,80.0,61.0,97.0,-120.0,-95.0,-140.0,-88.0,-104.0,128.0,99.0,149.0,121.0,160.0,119.0,149.0,150.0,137.0,133.0,123.0,130.0,200.0,151.0,163.0,142.0,178.0,20.0,25.0,6.0,89.0,34.0,21.0,10.0,45.0,5.0,0.0,4.0,0.0,0.0,0.0,0.0,7.0,0.0,0.0,-69.0,-31.0,-40.0,-32.0,-37.0,-37.0,-232.0,-210.0,-262.0,-168.0,-294.0,-220.0,-214.0,-245.0,-244.0,-220.0,-259.0,-182.0,-229.0,-225.0,-155.0,-194.0,-203.0,-157.0,-430.0,-484.0,-689.0,-747.0,-804.0,-694.0,-811.0,-757.0,-957.0,-818.0,-773.0,-826.0,-1074.0,-1098.0,-1226.0,-1115.0,-1213.0,-1141.0,-1442.0,-1840.0,,,,,,,,,,,,,,,,,,,,,,,,,,,,,,,,,,,,,,,,,,,,,,,,,,,,,,,,,,,,,,,,,,,,,,,,,,,,,,,,,,,,,,,,,,,,,,,,,,,,,,,,,,,,,,,,,,,,,,,,,,,,,,,,,,,,,,,,,,,,,,,,,,,,,,,,,,,,,
75,21.0,55.0,34.0,47.0,35.0,41.0,42.0,53.0,44.0,64.0,53.0,62.0,50.0,54.0,33.0,56.0,28.0,40.0,42.0,37.0,1.0,22.0,5.0,23.0,-4.0,18.0,0.0,51.0,17.0,43.0,24.0,34.0,-7.0,43.0,44.0,37.0,36.0,60.0,48.0,55.0,44.0,45.0,-28.0,-28.0,-24.0,-20.0,-24.0,-26.0,-23.0,-37.0,-33.0,-49.0,-37.0,17.0,8.0,40.0,29.0,0.0,-2.0,-11.0,-24.0,-10.0,-30.0,-38.0,-43.0,-47.0,-52.0,-47.0,-54.0,-51.0,-39.0,-39.0,-55.0,-42.0,-47.0,0.0,0.0,0.0,-17.0,2.0,0.0,0.0,0.0,0.0,0.0,0.0,0.0,0.0,0.0,,,,,,,,,,,,,,,,,,,,,,,,,,,,,,,,,,,,,,,,,,,,,,,,,,,,,,,,,,,,,,,,,,,,,,,,,,,,,,,,,,,,,,,,,,,,,,,,,,,,,,,,,,,,,,,,,,,,,,,,,,,,,,,,,,,,,,,,,,,,,,,,,,,,,,,,,,,,,,,,,,,,,,,,,,,,,,,,,,,,,,
76,24.0,52.0,36.0,41.0,32.0,25.0,16.0,47.0,27.0,57.0,35.0,60.0,54.0,57.0,-40.0,-1.0,-26.0,4.0,-73.0,-82.0,-82.0,-5.0,-33.0,-41.0,-18.0,-2.0,26.0,65.0,40.0,48.0,35.0,37.0,-80.0,-34.0,-48.0,-39.0,-46.0,-45.0,-90.0,-87.0,-98.0,-84.0,-106.0,-133.0,-101.0,-92.0,-93.0,-57.0,-56.0,-54.0,-134.0,-48.0,-14.0,0.0,0.0,0.0,0.0,0.0,0.0,0.0,0.0,0.0,0.0,0.0,0.0,0.0,0.0,46.0,20.0,50.0,11.0,40.0,45.0,45.0,47.0,50.0,0.0,0.0,0.0,1.0,0.0,0.0,0.0,0.0,0.0,0.0,0.0,0.0,0.0,0.0,0.0,12.0,10.0,4.0,0.0,0.0,3.0,3.0,5.0,5.0,0.0,0.0,0.0,3.0,0.0,0.0,0.0,0.0,0.0,0.0,0.0,0.0,0.0,0.0,0.0,0.0,,,,,,,,,,,,,,,,,,,,,,,,,,,,,,,,,,,,,,,,,,,,,,,,,,,,,,,,,,,,,,,,,,,,,,,,,,,,,,,,,,,,,,,,,,,,,,,,,,,,,,,,,,,,,,,,,,,,,,,,,,,,,,,,,,,,,,,,,,,,,,,,,,,,,,,,,,,
77,30.0,59.0,59.0,55.0,49.0,51.0,48.0,43.0,41.0,40.0,48.0,59.0,49.0,45.0,36.0,41.0,25.0,38.0,12.0,37.0,28.0,37.0,12.0,41.0,36.0,24.0,26.0,50.0,28.0,63.0,26.0,33.0,43.0,38.0,36.0,64.0,39.0,54.0,62.0,51.0,21.0,38.0,0.0,-1.0,-5.0,-3.0,-4.0,-4.0,-4.0,0.0,-3.0,-3.0,-1.0,0.0,15.0,21.0,4.0,6.0,0.0,0.0,0.0,0.0,0.0,0.0,0.0,0.0,0.0,0.0,0.0,0.0,0.0,0.0,0.0,0.0,0.0,0.0,0.0,0.0,0.0,0.0,0.0,,,,,,,,,,,,,,,,,,,,,,,,,,,,,,,,,,,,,,,,,,,,,,,,,,,,,,,,,,,,,,,,,,,,,,,,,,,,,,,,,,,,,,,,,,,,,,,,,,,,,,,,,,,,,,,,,,,,,,,,,,,,,,,,,,,,,,,,,,,,,,,,,,,,,,,,,,,,,,,,,,,,,,,,,,,,,,,,,,,,,,,,,,,,,,
78,24.0,50.0,47.0,59.0,49.0,58.0,49.0,48.0,51.0,67.0,32.0,55.0,54.0,52.0,27.0,33.0,38.0,55.0,24.0,48.0,43.0,21.0,37.0,24.0,21.0,20.0,18.0,22.0,-2.0,19.0,22.0,25.0,34.0,32.0,-25.0,-21.0,-44.0,-38.0,-22.0,0.0,0.0,0.0,0.0,0.0,0.0,16.0,0.0,14.0,30.0,20.0,0.0,45.0,29.0,24.0,21.0,14.0,10.0,37.0,31.0,19.0,11.0,16.0,0.0,0.0,0.0,,,,,,,,,,,,,,,,,,,,,,,,,,,,,,,,,,,,,,,,,,,,,,,,,,,,,,,,,,,,,,,,,,,,,,,,,,,,,,,,,,,,,,,,,,,,,,,,,,,,,,,,,,,,,,,,,,,,,,,,,,,,,,,,,,,,,,,,,,,,,,,,,,,,,,,,,,,,,,,,,,,,,,,,,,,,,,,,,,,,,,,,,,,,,,,,,,,,,,,,,,,,,,
79,36.0,47.0,32.0,42.0,42.0,62.0,45.0,54.0,47.0,64.0,50.0,68.0,46.0,50.0,26.0,62.0,30.0,42.0,19.0,47.0,34.0,33.0,31.0,42.0,34.0,48.0,15.0,42.0,25.0,51.0,10.0,13.0,8.0,43.0,33.0,53.0,47.0,80.0,15.0,30.0,29.0,52.0,0.0,0.0,6.0,15.0,15.0,9.0,0.0,3.0,6.0,0.0,0.0,53.0,37.0,50.0,34.0,64.0,25.0,10.0,21.0,11.0,8.0,0.0,0.0,0.0,0.0,0.0,0.0,0.0,0.0,0.0,0.0,0.0,0.0,0.0,0.0,0.0,0.0,0.0,0.0,0.0,0.0,0.0,0.0,,,,,,,,,,,,,,,,,,,,,,,,,,,,,,,,,,,,,,,,,,,,,,,,,,,,,,,,,,,,,,,,,,,,,,,,,,,,,,,,,,,,,,,,,,,,,,,,,,,,,,,,,,,,,,,,,,,,,,,,,,,,,,,,,,,,,,,,,,,,,,,,,,,,,,,,,,,,,,,,,,,,,,,,,,,,,,,,,,,,,,,,,,
80,28.0,31.0,26.0,37.0,11.0,50.0,46.0,59.0,23.0,37.0,0.0,11.0,-10.0,7.0,-5.0,12.0,-16.0,0.0,-16.0,0.0,-22.0,16.0,3.0,0.0,14.0,18.0,17.0,21.0,-25.0,-15.0,-28.0,-5.0,-21.0,0.0,-45.0,0.0,-13.0,0.0,-1.0,0.0,0.0,0.0,-10.0,-8.0,0.0,0.0,0.0,13.0,0.0,12.0,18.0,0.0,0.0,0.0,0.0,0.0,0.0,0.0,0.0,44.0,25.0,145.0,112.0,162.0,-98.0,-73.0,-69.0,-70.0,-75.0,-43.0,-149.0,32.0,32.0,38.0,18.0,135.0,102.0,101.0,0.0,55.0,34.0,22.0,2.0,21.0,0.0,38.0,13.0,19.0,11.0,16.0,5.0,0.0,0.0,30.0,13.0,0.0,22.0,26.0,25.0,27.0,11.0,28.0,9.0,48.0,34.0,35.0,27.0,99.0,77.0,62.0,35.0,57.0,75.0,58.0,78.0,87.0,34.0,42.0,36.0,78.0,37.0,37.0,22.0,51.0,36.0,34.0,28.0,46.0,30.0,50.0,34.0,42.0,33.0,43.0,32.0,34.0,35.0,49.0,36.0,58.0,50.0,32.0,19.0,75.0,45.0,72.0,83.0,89.0,44.0,38.0,35.0,47.0,34.0,42.0,47.0,52.0,43.0,42.0,36.0,35.0,41.0,44.0,41.0,55.0,59.0,54.0,54.0,54.0,54.0,60.0,60.0,52.0,54.0,54.0,52.0,48.0,53.0,51.0,61.0,53.0,47.0,41.0,47.0,62.0,50.0,46.0,55.0,49.0,50.0,50.0,55.0,53.0,53.0,52.0,0.0,51.0,51.0,56.0,50.0,52.0,53.0,52.0,50.0,50.0,50.0,64.0,51.0,50.0,49.0,57.0,50.0,50.0,48.0,49.0,32.0,42.0,49.0,48.0,30.0,52.0,37.0,61.0,28.0,28.0,28.0,33.0,22.0,42.0,43.0,49.0,50.0,50.0,50.0,138.0,19.0,160.0,100.0,148.0,102.0,154.0,100.0,169.0,170.0,159.0,167.0,160.0,146.0,184.0,174.0,176.0,168.0,182.0,174.0,166.0,172.0,184.0,154.0,169.0,165.0,237.0,241.0,281.0,243.0,290.0,325.0,921.0,1383.0,1569.0,1567.0,1569.0,1964.0
81,40.0,37.0,26.0,37.0,28.0,50.0,51.0,53.0,50.0,70.0,69.0,62.0,29.0,58.0,27.0,71.0,49.0,64.0,34.0,41.0,30.0,30.0,24.0,38.0,33.0,31.0,28.0,36.0,23.0,25.0,19.0,38.0,0.0,0.0,23.0,16.0,20.0,16.0,-2.0,0.0,-8.0,0.0,-7.0,0.0,-9.0,0.0,2.0,5.0,0.0,0.0,0.0,0.0,0.0,0.0,0.0,0.0,0.0,0.0,0.0,0.0,0.0,0.0,0.0,0.0,0.0,0.0,0.0,0.0,0.0,0.0,0.0,0.0,0.0,0.0,0.0,0.0,0.0,0.0,0.0,0.0,0.0,,,,,,,,,,,,,,,,,,,,,,,,,,,,,,,,,,,,,,,,,,,,,,,,,,,,,,,,,,,,,,,,,,,,,,,,,,,,,,,,,,,,,,,,,,,,,,,,,,,,,,,,,,,,,,,,,,,,,,,,,,,,,,,,,,,,,,,,,,,,,,,,,,,,,,,,,,,,,,,,,,,,,,,,,,,,,,,,,,,,,,,,,,,,,,
82,30.0,43.0,47.0,70.0,40.0,38.0,33.0,40.0,32.0,38.0,52.0,49.0,4.0,19.0,0.0,48.0,54.0,90.0,18.0,52.0,49.0,51.0,52.0,48.0,41.0,44.0,42.0,71.0,67.0,85.0,71.0,79.0,71.0,91.0,53.0,46.0,39.0,51.0,40.0,35.0,30.0,147.0,139.0,140.0,131.0,157.0,148.0,355.0,332.0,316.0,398.0,389.0,379.0,388.0,350.0,422.0,464.0,427.0,472.0,472.0,482.0,516.0,462.0,484.0,533.0,700.0,686.0,698.0,652.0,749.0,675.0,661.0,684.0,679.0,466.0,470.0,568.0,644.0,649.0,683.0,543.0,654.0,574.0,656.0,687.0,631.0,1143.0,1335.0,631.0,681.0,695.0,,,,,,,,,,,,,,,,,,,,,,,,,,,,,,,,,,,,,,,,,,,,,,,,,,,,,,,,,,,,,,,,,,,,,,,,,,,,,,,,,,,,,,,,,,,,,,,,,,,,,,,,,,,,,,,,,,,,,,,,,,,,,,,,,,,,,,,,,,,,,,,,,,,,,,,,,,,,,,,,,,,,,,,,,,,,,,,,,,,,
83,21.0,34.0,3.0,17.0,8.0,26.0,5.0,46.0,14.0,23.0,10.0,37.0,47.0,53.0,49.0,44.0,50.0,51.0,39.0,36.0,40.0,37.0,21.0,26.0,-6.0,26.0,3.0,78.0,13.0,44.0,31.0,36.0,5.0,5.0,0.0,0.0,0.0,30.0,0.0,19.0,-36.0,-34.0,-36.0,0.0,-43.0,0.0,-7.0,-1.0,-16.0,-5.0,0.0,10.0,-297.0,-280.0,-277.0,-291.0,-288.0,-288.0,-285.0,-285.0,-280.0,-292.0,-325.0,-350.0,-354.0,-345.0,-336.0,-318.0,-318.0,-312.0,-345.0,-472.0,-486.0,-493.0,-542.0,-565.0,-560.0,-478.0,,,,,,,,,,,,,,,,,,,,,,,,,,,,,,,,,,,,,,,,,,,,,,,,,,,,,,,,,,,,,,,,,,,,,,,,,,,,,,,,,,,,,,,,,,,,,,,,,,,,,,,,,,,,,,,,,,,,,,,,,,,,,,,,,,,,,,,,,,,,,,,,,,,,,,,,,,,,,,,,,,,,,,,,,,,,,,,,,,,,,,,,,,,,,,,,,
84,20.0,48.0,39.0,63.0,45.0,60.0,19.0,20.0,0.0,9.0,5.0,20.0,21.0,64.0,-17.0,24.0,-3.0,14.0,12.0,10.0,13.0,16.0,9.0,14.0,13.0,17.0,7.0,21.0,11.0,34.0,36.0,13.0,6.0,30.0,5.0,34.0,23.0,28.0,18.0,14.0,13.0,17.0,11.0,11.0,29.0,22.0,0.0,10.0,0.0,0.0,0.0,8.0,0.0,0.0,8.0,0.0,3.0,0.0,3.0,0.0,1.0,0.0,0.0,0.0,0.0,3.0,3.0,0.0,0.0,0.0,0.0,0.0,-3.0,0.0,0.0,0.0,0.0,0.0,0.0,0.0,0.0,,,,,,,,,,,,,,,,,,,,,,,,,,,,,,,,,,,,,,,,,,,,,,,,,,,,,,,,,,,,,,,,,,,,,,,,,,,,,,,,,,,,,,,,,,,,,,,,,,,,,,,,,,,,,,,,,,,,,,,,,,,,,,,,,,,,,,,,,,,,,,,,,,,,,,,,,,,,,,,,,,,,,,,,,,,,,,,,,,,,,,,,,,,,,,
85,23.0,58.0,40.0,46.0,20.0,31.0,13.0,16.0,15.0,18.0,17.0,17.0,14.0,37.0,17.0,25.0,12.0,20.0,1.0,25.0,29.0,26.0,25.0,25.0,17.0,16.0,17.0,0.0,12.0,28.0,0.0,19.0,-14.0,-9.0,0.0,-9.0,0.0,0.0,0.0,-6.0,-14.0,-10.0,-25.0,-17.0,-651.0,-661.0,-732.0,-717.0,-758.0,-822.0,-855.0,-455.0,-441.0,-325.0,-346.0,-360.0,-374.0,-301.0,-309.0,-311.0,-305.0,-317.0,-332.0,-340.0,-312.0,-312.0,-326.0,-337.0,-320.0,-344.0,-382.0,-377.0,-388.0,-406.0,-457.0,-487.0,-567.0,-480.0,-529.0,-589.0,-559.0,-589.0,-589.0,-589.0,-590.0,-629.0,-629.0,-606.0,-625.0,-679.0,-679.0,-687.0,-716.0,-725.0,-931.0,-1109.0,-1184.0,-1200.0,,,,,,,,,,,,,,,,,,,,,,,,,,,,,,,,,,,,,,,,,,,,,,,,,,,,,,,,,,,,,,,,,,,,,,,,,,,,,,,,,,,,,,,,,,,,,,,,,,,,,,,,,,,,,,,,,,,,,,,,,,,,,,,,,,,,,,,,,,,,,,,,,,,,,,,,,,,,,,,,,,,,,,,,,,,,,
86,28.0,40.0,30.0,25.0,27.0,19.0,19.0,38.0,21.0,37.0,27.0,49.0,22.0,30.0,23.0,37.0,39.0,52.0,48.0,46.0,46.0,48.0,49.0,56.0,17.0,29.0,-2.0,16.0,0.0,34.0,-86.0,0.0,-147.0,0.0,0.0,0.0,0.0,0.0,0.0,0.0,0.0,0.0,,,,,,,,,,,,,,,,,,,,,,,,,,,,,,,,,,,,,,,,,,,,,,,,,,,,,,,,,,,,,,,,,,,,,,,,,,,,,,,,,,,,,,,,,,,,,,,,,,,,,,,,,,,,,,,,,,,,,,,,,,,,,,,,,,,,,,,,,,,,,,,,,,,,,,,,,,,,,,,,,,,,,,,,,,,,,,,,,,,,,,,,,,,,,,,,,,,,,,,,,,,,,,,,,,,,,,,,,,,,,,,,,,,,,
87,33.0,37.0,39.0,41.0,35.0,42.0,24.0,30.0,44.0,43.0,43.0,47.0,-5.0,0.0,0.0,0.0,-18.0,0.0,-14.0,-12.0,-30.0,-7.0,-15.0,-3.0,-35.0,0.0,-49.0,-25.0,-66.0,9.0,0.0,2.0,2.0,0.0,0.0,133.0,117.0,124.0,70.0,208.0,198.0,315.0,323.0,327.0,498.0,509.0,446.0,416.0,547.0,562.0,584.0,582.0,600.0,595.0,613.0,629.0,639.0,645.0,638.0,646.0,665.0,674.0,587.0,606.0,612.0,614.0,635.0,625.0,650.0,666.0,652.0,,,,,,,,,,,,,,,,,,,,,,,,,,,,,,,,,,,,,,,,,,,,,,,,,,,,,,,,,,,,,,,,,,,,,,,,,,,,,,,,,,,,,,,,,,,,,,,,,,,,,,,,,,,,,,,,,,,,,,,,,,,,,,,,,,,,,,,,,,,,,,,,,,,,,,,,,,,,,,,,,,,,,,,,,,,,,,,,,,,,,,,,,,,,,,,,,,,,,,,,
88,33.0,45.0,41.0,53.0,48.0,64.0,52.0,71.0,64.0,55.0,64.0,76.0,52.0,68.0,35.0,59.0,36.0,44.0,31.0,28.0,32.0,43.0,20.0,49.0,43.0,61.0,33.0,32.0,36.0,43.0,40.0,34.0,23.0,37.0,20.0,31.0,30.0,27.0,18.0,33.0,18.0,22.0,17.0,74.0,51.0,68.0,23.0,24.0,30.0,115.0,40.0,36.0,33.0,32.0,15.0,26.0,28.0,27.0,27.0,25.0,24.0,16.0,26.0,13.0,21.0,21.0,15.0,14.0,8.0,17.0,18.0,13.0,17.0,13.0,5.0,,,,,,,,,,,,,,,,,,,,,,,,,,,,,,,,,,,,,,,,,,,,,,,,,,,,,,,,,,,,,,,,,,,,,,,,,,,,,,,,,,,,,,,,,,,,,,,,,,,,,,,,,,,,,,,,,,,,,,,,,,,,,,,,,,,,,,,,,,,,,,,,,,,,,,,,,,,,,,,,,,,,,,,,,,,,,,,,,,,,,,,,,,,,,,,,,,,,
89,21.0,31.0,10.0,27.0,17.0,26.0,12.0,23.0,9.0,29.0,17.0,28.0,18.0,29.0,21.0,15.0,7.0,23.0,19.0,22.0,9.0,24.0,5.0,12.0,2.0,21.0,13.0,32.0,23.0,24.0,28.0,41.0,26.0,42.0,0.0,75.0,67.0,121.0,113.0,132.0,144.0,156.0,56.0,78.0,0.0,0.0,0.0,108.0,39.0,78.0,-12.0,0.0,0.0,0.0,0.0,0.0,-28.0,-37.0,-60.0,0.0,0.0,0.0,0.0,28.0,0.0,165.0,121.0,148.0,112.0,123.0,0.0,107.0,112.0,421.0,0.0,0.0,0.0,0.0,0.0,0.0,-8.0,0.0,0.0,0.0,0.0,0.0,-10.0,0.0,0.0,0.0,0.0,0.0,0.0,0.0,0.0,0.0,0.0,0.0,0.0,0.0,0.0,0.0,0.0,,,,,,,,,,,,,,,,,,,,,,,,,,,,,,,,,,,,,,,,,,,,,,,,,,,,,,,,,,,,,,,,,,,,,,,,,,,,,,,,,,,,,,,,,,,,,,,,,,,,,,,,,,,,,,,,,,,,,,,,,,,,,,,,,,,,,,,,,,,,,,,,,,,,,,,,,,,,,,,,,,,,,,,,
90,29.0,46.0,31.0,56.0,51.0,43.0,54.0,41.0,38.0,36.0,49.0,65.0,0.0,50.0,52.0,60.0,76.0,48.0,34.0,65.0,53.0,70.0,46.0,62.0,92.0,90.0,74.0,106.0,67.0,109.0,65.0,66.0,76.0,64.0,75.0,170.0,141.0,172.0,12.0,34.0,3.0,19.0,-69.0,-78.0,-97.0,-67.0,-92.0,-137.0,-96.0,-47.0,-68.0,-49.0,-90.0,-72.0,-98.0,-41.0,-126.0,-112.0,-161.0,-102.0,-98.0,-88.0,-113.0,-82.0,-86.0,-91.0,-124.0,0.0,0.0,0.0,0.0,11.0,3.0,9.0,0.0,4.0,0.0,0.0,-73.0,-64.0,-104.0,-83.0,-89.0,-93.0,-107.0,-76.0,-76.0,-39.0,-62.0,-2.0,0.0,4.0,3.0,2.0,4.0,9.0,0.0,5.0,3.0,4.0,2.0,2.0,0.0,0.0,0.0,0.0,0.0,,,,,,,,,,,,,,,,,,,,,,,,,,,,,,,,,,,,,,,,,,,,,,,,,,,,,,,,,,,,,,,,,,,,,,,,,,,,,,,,,,,,,,,,,,,,,,,,,,,,,,,,,,,,,,,,,,,,,,,,,,,,,,,,,,,,,,,,,,,,,,,,,,,,,,,,,,,,,,,,,,,,
91,25.0,47.0,39.0,45.0,34.0,52.0,28.0,46.0,27.0,35.0,3.0,8.0,-7.0,54.0,17.0,40.0,14.0,44.0,41.0,55.0,40.0,35.0,35.0,35.0,25.0,25.0,10.0,21.0,18.0,26.0,25.0,30.0,21.0,16.0,7.0,58.0,46.0,34.0,7.0,144.0,111.0,187.0,175.0,207.0,213.0,367.0,376.0,407.0,403.0,739.0,709.0,741.0,743.0,837.0,860.0,866.0,879.0,890.0,881.0,890.0,877.0,,,,,,,,,,,,,,,,,,,,,,,,,,,,,,,,,,,,,,,,,,,,,,,,,,,,,,,,,,,,,,,,,,,,,,,,,,,,,,,,,,,,,,,,,,,,,,,,,,,,,,,,,,,,,,,,,,,,,,,,,,,,,,,,,,,,,,,,,,,,,,,,,,,,,,,,,,,,,,,,,,,,,,,,,,,,,,,,,,,,,,,,,,,,,,,,,,,,,,,,,,,,,,,,,,
92,30.0,49.0,42.0,45.0,42.0,50.0,52.0,59.0,45.0,46.0,39.0,45.0,47.0,58.0,54.0,77.0,48.0,70.0,72.0,68.0,61.0,59.0,57.0,89.0,74.0,67.0,30.0,98.0,-53.0,15.0,25.0,27.0,-12.0,-2.0,-13.0,0.0,-77.0,-59.0,-75.0,-83.0,-93.0,-96.0,-126.0,-25.0,-271.0,-187.0,-259.0,-273.0,-284.0,-290.0,-315.0,-304.0,-316.0,-278.0,-380.0,-51.0,-401.0,-449.0,-824.0,-881.0,-908.0,-895.0,-947.0,-953.0,-939.0,-952.0,-994.0,-973.0,,,,,,,,,,,,,,,,,,,,,,,,,,,,,,,,,,,,,,,,,,,,,,,,,,,,,,,,,,,,,,,,,,,,,,,,,,,,,,,,,,,,,,,,,,,,,,,,,,,,,,,,,,,,,,,,,,,,,,,,,,,,,,,,,,,,,,,,,,,,,,,,,,,,,,,,,,,,,,,,,,,,,,,,,,,,,,,,,,,,,,,,,,,,,,,,,,,,,,,,,,,
93,25.0,38.0,28.0,37.0,29.0,42.0,52.0,85.0,82.0,91.0,85.0,81.0,71.0,77.0,84.0,50.0,58.0,48.0,37.0,46.0,33.0,118.0,87.0,104.0,101.0,84.0,35.0,90.0,58.0,75.0,10.0,44.0,11.0,17.0,17.0,12.0,-25.0,0.0,-5.0,-2.0,-20.0,0.0,0.0,1.0,-5.0,-3.0,0.0,6.0,-22.0,-11.0,-12.0,-6.0,-16.0,-15.0,-17.0,-26.0,-24.0,-4.0,-7.0,-3.0,-89.0,0.0,0.0,0.0,0.0,0.0,0.0,0.0,-4.0,,,,,,,,,,,,,,,,,,,,,,,,,,,,,,,,,,,,,,,,,,,,,,,,,,,,,,,,,,,,,,,,,,,,,,,,,,,,,,,,,,,,,,,,,,,,,,,,,,,,,,,,,,,,,,,,,,,,,,,,,,,,,,,,,,,,,,,,,,,,,,,,,,,,,,,,,,,,,,,,,,,,,,,,,,,,,,,,,,,,,,,,,,,,,,,,,,,,,,,,,,
94,41.0,45.0,30.0,38.0,37.0,42.0,30.0,52.0,25.0,53.0,44.0,63.0,9.0,2.0,-14.0,11.0,-18.0,-12.0,-5.0,0.0,-24.0,1.0,-23.0,0.0,-10.0,12.0,24.0,67.0,23.0,62.0,44.0,66.0,48.0,46.0,39.0,117.0,97.0,150.0,111.0,175.0,152.0,191.0,156.0,189.0,199.0,317.0,270.0,412.0,490.0,584.0,537.0,619.0,632.0,,,,,,,,,,,,,,,,,,,,,,,,,,,,,,,,,,,,,,,,,,,,,,,,,,,,,,,,,,,,,,,,,,,,,,,,,,,,,,,,,,,,,,,,,,,,,,,,,,,,,,,,,,,,,,,,,,,,,,,,,,,,,,,,,,,,,,,,,,,,,,,,,,,,,,,,,,,,,,,,,,,,,,,,,,,,,,,,,,,,,,,,,,,,,,,,,,,,,,,,,,,,,,,,,,,,,,,,,,
95,20.0,51.0,41.0,48.0,40.0,60.0,38.0,47.0,47.0,48.0,34.0,43.0,35.0,64.0,41.0,42.0,37.0,44.0,47.0,45.0,42.0,45.0,20.0,31.0,12.0,19.0,9.0,8.0,12.0,12.0,0.0,0.0,,,,,,,,,,,,,,,,,,,,,,,,,,,,,,,,,,,,,,,,,,,,,,,,,,,,,,,,,,,,,,,,,,,,,,,,,,,,,,,,,,,,,,,,,,,,,,,,,,,,,,,,,,,,,,,,,,,,,,,,,,,,,,,,,,,,,,,,,,,,,,,,,,,,,,,,,,,,,,,,,,,,,,,,,,,,,,,,,,,,,,,,,,,,,,,,,,,,,,,,,,,,,,,,,,,,,,,,,,,,,,,,,,,,,,,,,,,,,,,
96,24.0,35.0,9.0,19.0,12.0,38.0,21.0,25.0,23.0,14.0,15.0,23.0,7.0,17.0,-18.0,12.0,14.0,10.0,0.0,46.0,32.0,23.0,24.0,19.0,20.0,23.0,20.0,34.0,33.0,30.0,20.0,27.0,-11.0,-4.0,-7.0,0.0,0.0,0.0,4.0,-10.0,0.0,-8.0,0.0,0.0,0.0,0.0,0.0,0.0,0.0,0.0,0.0,0.0,0.0,20.0,21.0,117.0,111.0,105.0,114.0,152.0,131.0,174.0,116.0,179.0,138.0,122.0,175.0,145.0,156.0,168.0,0.0,0.0,0.0,0.0,0.0,0.0,0.0,0.0,0.0,0.0,0.0,29.0,0.0,0.0,0.0,0.0,0.0,0.0,0.0,0.0,0.0,0.0,0.0,0.0,0.0,0.0,0.0,0.0,0.0,0.0,0.0,0.0,,,,,,,,,,,,,,,,,,,,,,,,,,,,,,,,,,,,,,,,,,,,,,,,,,,,,,,,,,,,,,,,,,,,,,,,,,,,,,,,,,,,,,,,,,,,,,,,,,,,,,,,,,,,,,,,,,,,,,,,,,,,,,,,,,,,,,,,,,,,,,,,,,,,,,,,,,,,,,,,,,,,,,,,,
97,37.0,49.0,38.0,34.0,35.0,48.0,29.0,38.0,16.0,62.0,43.0,48.0,41.0,58.0,57.0,50.0,24.0,51.0,35.0,46.0,41.0,37.0,19.0,28.0,36.0,34.0,15.0,38.0,29.0,56.0,25.0,33.0,23.0,64.0,70.0,53.0,19.0,16.0,0.0,7.0,18.0,25.0,0.0,34.0,10.0,32.0,-38.0,9.0,-35.0,-5.0,-109.0,-95.0,-104.0,-95.0,-93.0,-100.0,-130.0,-104.0,-212.0,-245.0,-246.0,-236.0,-230.0,-245.0,-237.0,-230.0,-218.0,-213.0,-216.0,-209.0,-268.0,-207.0,-204.0,-195.0,-262.0,-260.0,-284.0,-264.0,-299.0,-314.0,-336.0,-372.0,-428.0,-309.0,-396.0,-451.0,-496.0,-389.0,-403.0,-398.0,-495.0,-516.0,-680.0,-689.0,-750.0,-697.0,-779.0,-761.0,,,,,,,,,,,,,,,,,,,,,,,,,,,,,,,,,,,,,,,,,,,,,,,,,,,,,,,,,,,,,,,,,,,,,,,,,,,,,,,,,,,,,,,,,,,,,,,,,,,,,,,,,,,,,,,,,,,,,,,,,,,,,,,,,,,,,,,,,,,,,,,,,,,,,,,,,,,,,,,,,,,,,,,,,,,,,
98,,,,,,,,,,,,,,,,,,,,,,,,,,,,,,,,,,,,,,,,,,,,,,,,,,,,,,,,,,,,,,,,,,,,,,,,,,,,,,,,,,,,,,,,,,,,,,,,,,,,,,,,,,,,,,,,,,,,,,,,,,,,,,,,,,,,,,,,,,,,,,,,,,,,,,,,,,,,,,,,,,,,,,,,,,,,,,,,,,,,,,,,,,,,,,,,,,,,,,,,,,,,,,,,,,,,,,,,,,,,,,,,,,,,,,,,,,,,,,,,,,,,,,,,,,,,,,,,,,,,,,,,,,,,,,,
99,29.0,36.0,34.0,39.0,25.0,24.0,25.0,46.0,12.0,33.0,25.0,50.0,-2.0,86.0,35.0,90.0,85.0,101.0,100.0,112.0,98.0,113.0,78.0,83.0,80.0,92.0,97.0,95.0,86.0,130.0,120.0,104.0,110.0,163.0,134.0,142.0,142.0,159.0,97.0,100.0,33.0,203.0,92.0,149.0,119.0,146.0,100.0,146.0,128.0,112.0,139.0,106.0,69.0,51.0,42.0,271.0,43.0,62.0,34.0,84.0,56.0,76.0,75.0,77.0,72.0,103.0,73.0,71.0,52.0,58.0,41.0,75.0,68.0,64.0,22.0,24.0,13.0,11.0,16.0,15.0,7.0,16.0,21.0,16.0,0.0,12.0,14.0,17.0,9.0,12.0,1.0,0.0,0.0,0.0,0.0,0.0,0.0,0.0,0.0,0.0,0.0,0.0,0.0,0.0,0.0,0.0,0.0,0.0,0.0,4.0,0.0,0.0,0.0,0.0,0.0,8.0,3.0,8.0,0.0,0.0,0.0,0.0,0.0,0.0,0.0,0.0,0.0,0.0,0.0,0.0,0.0,0.0,0.0,0.0,0.0,0.0,0.0,0.0,0.0,0.0,0.0,0.0,0.0,1.0,0.0,0.0,0.0,0.0,0.0,0.0,0.0,0.0,0.0,0.0,0.0,0.0,0.0,0.0,0.0,0.0,0.0,0.0,0.0,0.0,0.0,0.0,0.0,0.0,,,,,,,,,,,,,,,,,,,,,,,,,,,,,,,,,,,,,,,,,,,,,,,,,,,,,,,,,,,,,,,,,,,,,,,,,,,,,,,,,,,,,,,,,,,,,,,,,,,,,,,
100,23.0,40.0,25.0,52.0,40.0,34.0,23.0,23.0,22.0,61.0,61.0,59.0,56.0,56.0,64.0,62.0,61.0,57.0,52.0,79.0,62.0,115.0,100.0,116.0,102.0,181.0,150.0,142.0,102.0,124.0,124.0,236.0,162.0,152.0,104.0,58.0,57.0,60.0,52.0,53.0,34.0,34.0,28.0,31.0,22.0,17.0,0.0,0.0,0.0,0.0,0.0,0.0,0.0,0.0,0.0,0.0,0.0,0.0,0.0,0.0,0.0,0.0,0.0,0.0,0.0,0.0,0.0,0.0,0.0,0.0,0.0,0.0,0.0,0.0,0.0,0.0,0.0,0.0,0.0,0.0,0.0,0.0,0.0,0.0,0.0,0.0,0.0,0.0,0.0,0.0,0.0,0.0,0.0,,,,,,,,,,,,,,,,,,,,,,,,,,,,,,,,,,,,,,,,,,,,,,,,,,,,,,,,,,,,,,,,,,,,,,,,,,,,,,,,,,,,,,,,,,,,,,,,,,,,,,,,,,,,,,,,,,,,,,,,,,,,,,,,,,,,,,,,,,,,,,,,,,,,,,,,,,,,,,,,,,,,,,,,,,,,,,,,,,
101,29.0,34.0,26.0,32.0,27.0,34.0,35.0,25.0,11.0,12.0,27.0,56.0,43.0,35.0,25.0,39.0,51.0,80.0,50.0,61.0,37.0,32.0,20.0,25.0,22.0,22.0,14.0,12.0,11.0,26.0,27.0,28.0,17.0,25.0,25.0,27.0,19.0,18.0,29.0,28.0,28.0,26.0,35.0,37.0,32.0,34.0,30.0,27.0,31.0,27.0,27.0,27.0,23.0,10.0,0.0,0.0,0.0,0.0,-9.0,0.0,0.0,0.0,0.0,0.0,0.0,0.0,0.0,0.0,0.0,0.0,0.0,0.0,0.0,0.0,0.0,,,,,,,,,,,,,,,,,,,,,,,,,,,,,,,,,,,,,,,,,,,,,,,,,,,,,,,,,,,,,,,,,,,,,,,,,,,,,,,,,,,,,,,,,,,,,,,,,,,,,,,,,,,,,,,,,,,,,,,,,,,,,,,,,,,,,,,,,,,,,,,,,,,,,,,,,,,,,,,,,,,,,,,,,,,,,,,,,,,,,,,,,,,,,,,,,,,,
102,35.0,25.0,39.0,54.0,31.0,46.0,47.0,31.0,25.0,38.0,32.0,41.0,40.0,62.0,44.0,49.0,42.0,51.0,43.0,57.0,43.0,48.0,34.0,37.0,40.0,32.0,23.0,24.0,35.0,99.0,70.0,70.0,67.0,55.0,70.0,53.0,49.0,58.0,51.0,55.0,56.0,80.0,70.0,82.0,59.0,74.0,82.0,69.0,49.0,91.0,62.0,70.0,47.0,112.0,118.0,116.0,54.0,119.0,139.0,149.0,142.0,147.0,157.0,171.0,175.0,183.0,171.0,437.0,434.0,503.0,449.0,,,,,,,,,,,,,,,,,,,,,,,,,,,,,,,,,,,,,,,,,,,,,,,,,,,,,,,,,,,,,,,,,,,,,,,,,,,,,,,,,,,,,,,,,,,,,,,,,,,,,,,,,,,,,,,,,,,,,,,,,,,,,,,,,,,,,,,,,,,,,,,,,,,,,,,,,,,,,,,,,,,,,,,,,,,,,,,,,,,,,,,,,,,,,,,,,,,,,,,,
103,36.0,35.0,40.0,45.0,32.0,56.0,21.0,50.0,36.0,45.0,40.0,37.0,4.0,1.0,0.0,30.0,21.0,34.0,20.0,41.0,25.0,25.0,25.0,31.0,26.0,18.0,22.0,30.0,17.0,21.0,15.0,208.0,218.0,198.0,194.0,222.0,217.0,260.0,194.0,254.0,153.0,183.0,173.0,182.0,165.0,206.0,203.0,343.0,375.0,325.0,300.0,309.0,215.0,488.0,476.0,592.0,512.0,638.0,599.0,669.0,537.0,577.0,659.0,705.0,709.0,723.0,673.0,,,,,,,,,,,,,,,,,,,,,,,,,,,,,,,,,,,,,,,,,,,,,,,,,,,,,,,,,,,,,,,,,,,,,,,,,,,,,,,,,,,,,,,,,,,,,,,,,,,,,,,,,,,,,,,,,,,,,,,,,,,,,,,,,,,,,,,,,,,,,,,,,,,,,,,,,,,,,,,,,,,,,,,,,,,,,,,,,,,,,,,,,,,,,,,,,,,,,,,,,,,,
104,21.0,68.0,43.0,54.0,15.0,26.0,26.0,59.0,40.0,52.0,24.0,55.0,51.0,52.0,43.0,46.0,37.0,46.0,21.0,62.0,30.0,33.0,33.0,38.0,36.0,62.0,50.0,59.0,54.0,116.0,113.0,162.0,144.0,126.0,95.0,89.0,13.0,26.0,22.0,48.0,42.0,39.0,30.0,133.0,138.0,193.0,154.0,219.0,192.0,305.0,264.0,312.0,281.0,295.0,293.0,300.0,267.0,312.0,298.0,308.0,248.0,325.0,118.0,107.0,87.0,77.0,18.0,14.0,26.0,10.0,16.0,20.0,9.0,16.0,6.0,12.0,19.0,7.0,0.0,0.0,,,,,,,,,,,,,,,,,,,,,,,,,,,,,,,,,,,,,,,,,,,,,,,,,,,,,,,,,,,,,,,,,,,,,,,,,,,,,,,,,,,,,,,,,,,,,,,,,,,,,,,,,,,,,,,,,,,,,,,,,,,,,,,,,,,,,,,,,,,,,,,,,,,,,,,,,,,,,,,,,,,,,,,,,,,,,,,,,,,,,,,,,,,,,,,
105,12.0,46.0,16.0,30.0,16.0,30.0,12.0,31.0,23.0,23.0,15.0,23.0,-38.0,-19.0,-38.0,10.0,-12.0,6.0,0.0,2.0,0.0,0.0,-9.0,-6.0,-27.0,-13.0,-33.0,-5.0,0.0,46.0,9.0,36.0,43.0,44.0,49.0,48.0,34.0,28.0,12.0,9.0,0.0,0.0,0.0,0.0,0.0,53.0,52.0,81.0,65.0,69.0,74.0,69.0,72.0,76.0,74.0,64.0,12.0,50.0,45.0,31.0,28.0,73.0,64.0,74.0,54.0,60.0,67.0,71.0,57.0,43.0,30.0,34.0,36.0,43.0,37.0,35.0,40.0,48.0,28.0,23.0,20.0,40.0,15.0,31.0,0.0,38.0,37.0,30.0,15.0,46.0,40.0,314.0,372.0,409.0,407.0,395.0,409.0,466.0,461.0,457.0,437.0,486.0,505.0,585.0,605.0,591.0,620.0,785.0,663.0,710.0,732.0,757.0,,,,,,,,,,,,,,,,,,,,,,,,,,,,,,,,,,,,,,,,,,,,,,,,,,,,,,,,,,,,,,,,,,,,,,,,,,,,,,,,,,,,,,,,,,,,,,,,,,,,,,,,,,,,,,,,,,,,,,,,,,,,,,,,,,,,,,,,,,,,,,,,,,,,,,,,,,,,,,,
106,18.0,30.0,21.0,26.0,16.0,30.0,14.0,22.0,27.0,42.0,27.0,33.0,-14.0,-16.0,-21.0,5.0,6.0,2.0,10.0,0.0,7.0,20.0,11.0,24.0,-15.0,-17.0,-20.0,-8.0,2.0,43.0,18.0,34.0,19.0,26.0,22.0,37.0,10.0,15.0,0.0,0.0,15.0,17.0,15.0,26.0,20.0,58.0,50.0,87.0,70.0,73.0,97.0,87.0,46.0,77.0,72.0,77.0,13.0,37.0,27.0,32.0,28.0,53.0,71.0,69.0,63.0,83.0,56.0,70.0,56.0,77.0,54.0,44.0,55.0,55.0,45.0,48.0,35.0,55.0,50.0,40.0,46.0,34.0,28.0,31.0,0.0,37.0,38.0,39.0,9.0,62.0,29.0,363.0,313.0,435.0,466.0,467.0,470.0,565.0,492.0,525.0,361.0,339.0,451.0,570.0,606.0,637.0,664.0,770.0,721.0,722.0,687.0,732.0,,,,,,,,,,,,,,,,,,,,,,,,,,,,,,,,,,,,,,,,,,,,,,,,,,,,,,,,,,,,,,,,,,,,,,,,,,,,,,,,,,,,,,,,,,,,,,,,,,,,,,,,,,,,,,,,,,,,,,,,,,,,,,,,,,,,,,,,,,,,,,,,,,,,,,,,,,,,,,,
107,34.0,60.0,30.0,64.0,5.0,27.0,13.0,17.0,17.0,19.0,11.0,17.0,15.0,20.0,-3.0,3.0,10.0,-2.0,6.0,11.0,0.0,70.0,55.0,94.0,77.0,78.0,18.0,33.0,0.0,0.0,-11.0,54.0,17.0,61.0,55.0,76.0,17.0,16.0,-40.0,-22.0,-37.0,-35.0,-50.0,-2.0,-4.0,-10.0,-15.0,-9.0,-8.0,0.0,0.0,25.0,0.0,0.0,0.0,0.0,0.0,0.0,0.0,0.0,0.0,0.0,0.0,0.0,0.0,,,,,,,,,,,,,,,,,,,,,,,,,,,,,,,,,,,,,,,,,,,,,,,,,,,,,,,,,,,,,,,,,,,,,,,,,,,,,,,,,,,,,,,,,,,,,,,,,,,,,,,,,,,,,,,,,,,,,,,,,,,,,,,,,,,,,,,,,,,,,,,,,,,,,,,,,,,,,,,,,,,,,,,,,,,,,,,,,,,,,,,,,,,,,,,,,,,,,,,,,,,,,,
108,25.0,53.0,41.0,46.0,50.0,51.0,50.0,36.0,34.0,46.0,23.0,46.0,-3.0,34.0,0.0,29.0,36.0,41.0,25.0,43.0,38.0,57.0,24.0,49.0,19.0,45.0,45.0,69.0,46.0,26.0,18.0,51.0,17.0,25.0,-49.0,-53.0,-34.0,-40.0,-61.0,-26.0,-31.0,-46.0,-50.0,-33.0,-32.0,-22.0,-33.0,-25.0,-43.0,-25.0,-23.0,-19.0,-26.0,-24.0,-24.0,-19.0,-27.0,-33.0,-28.0,-19.0,-25.0,-19.0,-35.0,-7.0,-28.0,-19.0,-34.0,-23.0,-31.0,-26.0,-31.0,-28.0,-32.0,-10.0,-13.0,-12.0,-8.0,-11.0,-51.0,-58.0,-77.0,-80.0,-125.0,-114.0,-149.0,-132.0,-135.0,-126.0,-125.0,-108.0,-175.0,-189.0,-232.0,-284.0,-374.0,-29.0,-30.0,-17.0,-18.0,-24.0,-21.0,-18.0,-12.0,0.0,-15.0,-15.0,-15.0,-5.0,-22.0,-20.0,-25.0,-25.0,-16.0,-15.0,-371.0,-379.0,-376.0,-380.0,-376.0,-18.0,-13.0,-5.0,-4.0,0.0,-14.0,-13.0,-12.0,-10.0,-14.0,0.0,-15.0,0.0,0.0,0.0,0.0,0.0,0.0,0.0,16.0,16.0,17.0,18.0,11.0,8.0,0.0,11.0,0.0,16.0,5.0,12.0,0.0,7.0,0.0,0.0,0.0,13.0,8.0,,,,,,,,,,,,,,,,,,,,,,,,,,,,,,,,,,,,,,,,,,,,,,,,,,,,,,,,,,,,,,,,,,,,,,,,,,,,,,,,,,,,,,,,,,,,,,,,,,,,,,,,,,,,,,,,,,
109,15.0,58.0,44.0,53.0,31.0,38.0,22.0,23.0,31.0,32.0,13.0,22.0,4.0,34.0,13.0,12.0,12.0,18.0,0.0,11.0,0.0,11.0,15.0,47.0,27.0,27.0,25.0,51.0,42.0,45.0,0.0,31.0,26.0,47.0,44.0,46.0,42.0,42.0,35.0,79.0,71.0,78.0,73.0,79.0,64.0,87.0,29.0,25.0,43.0,60.0,43.0,63.0,46.0,45.0,50.0,48.0,46.0,100.0,50.0,51.0,25.0,53.0,42.0,48.0,41.0,47.0,0.0,0.0,0.0,,,,,,,,,,,,,,,,,,,,,,,,,,,,,,,,,,,,,,,,,,,,,,,,,,,,,,,,,,,,,,,,,,,,,,,,,,,,,,,,,,,,,,,,,,,,,,,,,,,,,,,,,,,,,,,,,,,,,,,,,,,,,,,,,,,,,,,,,,,,,,,,,,,,,,,,,,,,,,,,,,,,,,,,,,,,,,,,,,,,,,,,,,,,,,,,,,,,,,,,,,
110,34.0,30.0,44.0,43.0,27.0,71.0,57.0,58.0,55.0,62.0,40.0,49.0,39.0,50.0,50.0,45.0,35.0,26.0,39.0,69.0,72.0,59.0,19.0,48.0,42.0,47.0,48.0,62.0,0.0,23.0,-10.0,20.0,0.0,17.0,11.0,58.0,7.0,0.0,-10.0,0.0,4.0,4.0,-17.0,0.0,-7.0,-4.0,-10.0,10.0,0.0,0.0,0.0,0.0,0.0,106.0,54.0,72.0,54.0,123.0,70.0,81.0,75.0,94.0,16.0,63.0,61.0,51.0,38.0,37.0,34.0,28.0,30.0,35.0,26.0,33.0,17.0,41.0,40.0,43.0,56.0,53.0,44.0,46.0,33.0,34.0,50.0,45.0,37.0,30.0,29.0,46.0,50.0,59.0,49.0,62.0,61.0,56.0,56.0,45.0,35.0,70.0,64.0,64.0,21.0,19.0,21.0,28.0,0.0,0.0,0.0,0.0,0.0,0.0,0.0,0.0,0.0,0.0,0.0,0.0,0.0,0.0,0.0,0.0,0.0,0.0,0.0,0.0,0.0,0.0,0.0,0.0,0.0,0.0,0.0,0.0,0.0,0.0,0.0,0.0,0.0,0.0,0.0,0.0,0.0,0.0,0.0,0.0,0.0,94.0,94.0,99.0,112.0,112.0,83.0,120.0,99.0,1275.0,1257.0,5625.0,5625.0,,,,,,,,,,,,,,,,,,,,,,,,,,,,,,,,,,,,,,,,,,,,,,,,,,,,,,,,,,,,,,,,,,,,,,,,,,,,,,,,,,,,,,,,,,,,,,,,,,,,,,,,,,,,,,,,
111,22.0,29.0,30.0,42.0,27.0,15.0,25.0,38.0,36.0,53.0,52.0,48.0,43.0,39.0,31.0,37.0,36.0,48.0,34.0,37.0,34.0,22.0,7.0,11.0,19.0,26.0,19.0,36.0,26.0,54.0,55.0,50.0,43.0,48.0,31.0,29.0,0.0,5.0,0.0,11.0,4.0,5.0,0.0,0.0,-4.0,0.0,-5.0,0.0,0.0,4.0,5.0,35.0,0.0,0.0,0.0,-16.0,-22.0,-12.0,-22.0,-10.0,-19.0,-15.0,-8.0,-14.0,-41.0,-13.0,-13.0,0.0,0.0,0.0,0.0,0.0,0.0,0.0,-13.0,0.0,0.0,0.0,0.0,0.0,0.0,0.0,0.0,0.0,0.0,0.0,-5.0,0.0,0.0,0.0,0.0,0.0,0.0,35.0,27.0,47.0,56.0,47.0,35.0,27.0,0.0,16.0,25.0,25.0,20.0,3.0,12.0,0.0,6.0,0.0,0.0,,,,,,,,,,,,,,,,,,,,,,,,,,,,,,,,,,,,,,,,,,,,,,,,,,,,,,,,,,,,,,,,,,,,,,,,,,,,,,,,,,,,,,,,,,,,,,,,,,,,,,,,,,,,,,,,,,,,,,,,,,,,,,,,,,,,,,,,,,,,,,,,,,,,,,,,,,,,,,,,
112,14.0,45.0,26.0,49.0,20.0,32.0,25.0,21.0,8.0,44.0,-33.0,56.0,26.0,58.0,64.0,58.0,47.0,87.0,75.0,92.0,74.0,91.0,75.0,75.0,79.0,106.0,85.0,137.0,109.0,175.0,159.0,272.0,217.0,250.0,183.0,215.0,219.0,263.0,237.0,315.0,216.0,296.0,250.0,338.0,383.0,437.0,394.0,703.0,685.0,707.0,687.0,686.0,619.0,1036.0,1187.0,1181.0,1222.0,3234.0,1044.0,,,,,,,,,,,,,,,,,,,,,,,,,,,,,,,,,,,,,,,,,,,,,,,,,,,,,,,,,,,,,,,,,,,,,,,,,,,,,,,,,,,,,,,,,,,,,,,,,,,,,,,,,,,,,,,,,,,,,,,,,,,,,,,,,,,,,,,,,,,,,,,,,,,,,,,,,,,,,,,,,,,,,,,,,,,,,,,,,,,,,,,,,,,,,,,,,,,,,,,,,,,,,,,,,,,,
113,40.0,55.0,38.0,32.0,31.0,38.0,43.0,32.0,5.0,12.0,-2.0,1.0,-8.0,15.0,-17.0,9.0,-1.0,11.0,-30.0,-5.0,-12.0,-20.0,-122.0,-36.0,-118.0,-90.0,-123.0,-100.0,-117.0,-123.0,-136.0,-117.0,-133.0,-147.0,-168.0,-165.0,-262.0,-248.0,-299.0,-311.0,-350.0,-382.0,-535.0,-455.0,-619.0,-606.0,-954.0,-1108.0,-9998.0,-9999.0,-9999.0,-10000.0,,,,,,,,,,,,,,,,,,,,,,,,,,,,,,,,,,,,,,,,,,,,,,,,,,,,,,,,,,,,,,,,,,,,,,,,,,,,,,,,,,,,,,,,,,,,,,,,,,,,,,,,,,,,,,,,,,,,,,,,,,,,,,,,,,,,,,,,,,,,,,,,,,,,,,,,,,,,,,,,,,,,,,,,,,,,,,,,,,,,,,,,,,,,,,,,,,,,,,,,,,,,,,,,,,,,,,,,,,,
114,24.0,72.0,38.0,80.0,70.0,69.0,59.0,76.0,58.0,80.0,72.0,94.0,62.0,76.0,24.0,39.0,10.0,43.0,33.0,36.0,0.0,18.0,-7.0,29.0,18.0,54.0,20.0,52.0,-23.0,73.0,-40.0,28.0,-94.0,-60.0,-55.0,-42.0,-38.0,-44.0,-50.0,-25.0,-70.0,-21.0,-117.0,-12.0,-6.0,0.0,0.0,-37.0,-53.0,0.0,-291.0,-123.0,-104.0,-119.0,-82.0,-87.0,-218.0,-143.0,-160.0,-159.0,-333.0,-364.0,-358.0,-406.0,-391.0,-190.0,-253.0,-264.0,-359.0,-362.0,-373.0,-362.0,-409.0,-443.0,-445.0,-425.0,-428.0,-449.0,-513.0,-514.0,,,,,,,,,,,,,,,,,,,,,,,,,,,,,,,,,,,,,,,,,,,,,,,,,,,,,,,,,,,,,,,,,,,,,,,,,,,,,,,,,,,,,,,,,,,,,,,,,,,,,,,,,,,,,,,,,,,,,,,,,,,,,,,,,,,,,,,,,,,,,,,,,,,,,,,,,,,,,,,,,,,,,,,,,,,,,,,,,,,,,,,,,,,,,,,
115,20.0,41.0,2.0,12.0,2.0,12.0,6.0,29.0,22.0,32.0,18.0,33.0,4.0,28.0,12.0,33.0,21.0,48.0,33.0,44.0,34.0,77.0,72.0,85.0,53.0,72.0,71.0,75.0,55.0,102.0,67.0,83.0,58.0,75.0,68.0,60.0,52.0,55.0,48.0,52.0,42.0,62.0,40.0,36.0,25.0,29.0,24.0,56.0,60.0,73.0,45.0,44.0,63.0,69.0,86.0,67.0,60.0,66.0,71.0,77.0,76.0,84.0,64.0,99.0,58.0,70.0,52.0,114.0,57.0,119.0,123.0,175.0,196.0,297.0,190.0,227.0,229.0,273.0,231.0,218.0,233.0,345.0,382.0,419.0,412.0,412.0,458.0,491.0,509.0,563.0,562.0,830.0,860.0,919.0,884.0,962.0,1035.0,1090.0,781.0,820.0,812.0,816.0,817.0,848.0,845.0,861.0,948.0,998.0,1039.0,1048.0,1078.0,1044.0,1083.0,1104.0,1109.0,1126.0,1146.0,1105.0,1029.0,1068.0,1047.0,1129.0,1165.0,1228.0,1315.0,1315.0,1316.0,2015.0,1320.0,1437.0,1816.0,9992.0,9994.0,9995.0,9996.0,9996.0,9997.0,,,,,,,,,,,,,,,,,,,,,,,,,,,,,,,,,,,,,,,,,,,,,,,,,,,,,,,,,,,,,,,,,,,,,,,,,,,,,,,,,,,,,,,,,,,,,,,,,,,,,,,,,,,,,,,,,,,,,,,,,,,,,,,,,,,,,,
116,21.0,34.0,0.0,4.0,11.0,10.0,4.0,8.0,0.0,0.0,-3.0,30.0,25.0,39.0,27.0,47.0,40.0,37.0,37.0,62.0,59.0,44.0,35.0,49.0,15.0,30.0,22.0,55.0,25.0,35.0,28.0,162.0,54.0,72.0,71.0,165.0,152.0,123.0,138.0,140.0,131.0,150.0,88.0,117.0,45.0,52.0,31.0,40.0,34.0,60.0,15.0,67.0,50.0,60.0,54.0,55.0,63.0,50.0,0.0,0.0,0.0,8.0,0.0,0.0,-36.0,-37.0,-43.0,-20.0,-34.0,-17.0,-31.0,0.0,0.0,0.0,0.0,0.0,0.0,0.0,0.0,0.0,0.0,0.0,0.0,,,,,,,,,,,,,,,,,,,,,,,,,,,,,,,,,,,,,,,,,,,,,,,,,,,,,,,,,,,,,,,,,,,,,,,,,,,,,,,,,,,,,,,,,,,,,,,,,,,,,,,,,,,,,,,,,,,,,,,,,,,,,,,,,,,,,,,,,,,,,,,,,,,,,,,,,,,,,,,,,,,,,,,,,,,,,,,,,,,,,,,,,,,,
117,40.0,54.0,38.0,43.0,39.0,50.0,39.0,68.0,64.0,52.0,43.0,42.0,32.0,47.0,27.0,33.0,22.0,33.0,14.0,35.0,11.0,19.0,0.0,28.0,18.0,15.0,17.0,32.0,7.0,12.0,5.0,13.0,-17.0,4.0,-23.0,-22.0,-16.0,0.0,-38.0,-25.0,-36.0,-20.0,-27.0,-8.0,-9.0,-1.0,-18.0,-18.0,-25.0,-28.0,-27.0,-19.0,-29.0,-18.0,-37.0,-6.0,-65.0,-51.0,-38.0,-34.0,-101.0,-70.0,-84.0,-75.0,-139.0,0.0,-235.0,-225.0,-270.0,-235.0,-322.0,-317.0,-317.0,-309.0,-540.0,-572.0,-618.0,-610.0,-615.0,-617.0,-629.0,-633.0,-622.0,-623.0,-615.0,-624.0,-625.0,-625.0,-638.0,-525.0,-686.0,-684.0,-690.0,-691.0,,,,,,,,,,,,,,,,,,,,,,,,,,,,,,,,,,,,,,,,,,,,,,,,,,,,,,,,,,,,,,,,,,,,,,,,,,,,,,,,,,,,,,,,,,,,,,,,,,,,,,,,,,,,,,,,,,,,,,,,,,,,,,,,,,,,,,,,,,,,,,,,,,,,,,,,,,,,,,,,,,,,,,,,,,,,,,,,,
118,18.0,44.0,21.0,31.0,29.0,47.0,12.0,52.0,-4.0,4.0,0.0,0.0,0.0,0.0,0.0,34.0,14.0,23.0,7.0,30.0,0.0,9.0,-6.0,34.0,25.0,39.0,-37.0,-19.0,0.0,13.0,-38.0,-24.0,-20.0,-13.0,-9.0,-13.0,-45.0,75.0,-81.0,-46.0,-60.0,4.0,0.0,0.0,-3.0,23.0,25.0,91.0,81.0,101.0,46.0,89.0,83.0,78.0,57.0,61.0,11.0,37.0,19.0,58.0,0.0,0.0,0.0,5.0,0.0,11.0,0.0,19.0,2.0,2.0,0.0,0.0,0.0,0.0,0.0,0.0,0.0,0.0,0.0,0.0,0.0,0.0,0.0,0.0,0.0,0.0,0.0,0.0,0.0,0.0,,,,,,,,,,,,,,,,,,,,,,,,,,,,,,,,,,,,,,,,,,,,,,,,,,,,,,,,,,,,,,,,,,,,,,,,,,,,,,,,,,,,,,,,,,,,,,,,,,,,,,,,,,,,,,,,,,,,,,,,,,,,,,,,,,,,,,,,,,,,,,,,,,,,,,,,,,,,,,,,,,,,,,,,,,,,,,,,,,,,,
119,40.0,46.0,27.0,38.0,31.0,36.0,14.0,13.0,20.0,20.0,12.0,11.0,4.0,10.0,-6.0,33.0,22.0,24.0,5.0,25.0,12.0,19.0,1.0,19.0,17.0,54.0,12.0,13.0,5.0,19.0,9.0,14.0,16.0,24.0,13.0,21.0,17.0,41.0,23.0,24.0,19.0,55.0,34.0,42.0,38.0,83.0,78.0,64.0,77.0,100.0,88.0,107.0,78.0,104.0,113.0,117.0,125.0,108.0,112.0,117.0,112.0,221.0,131.0,250.0,229.0,203.0,151.0,149.0,181.0,369.0,374.0,442.0,499.0,504.0,441.0,405.0,401.0,416.0,475.0,491.0,548.0,575.0,555.0,675.0,707.0,,,,,,,,,,,,,,,,,,,,,,,,,,,,,,,,,,,,,,,,,,,,,,,,,,,,,,,,,,,,,,,,,,,,,,,,,,,,,,,,,,,,,,,,,,,,,,,,,,,,,,,,,,,,,,,,,,,,,,,,,,,,,,,,,,,,,,,,,,,,,,,,,,,,,,,,,,,,,,,,,,,,,,,,,,,,,,,,,,,,,,,,,,
120,33.0,50.0,30.0,45.0,31.0,58.0,30.0,57.0,37.0,49.0,23.0,52.0,49.0,59.0,38.0,43.0,41.0,32.0,28.0,46.0,24.0,21.0,25.0,23.0,5.0,12.0,-7.0,12.0,-1.0,0.0,0.0,3.0,-4.0,8.0,8.0,8.0,12.0,10.0,0.0,5.0,-15.0,-18.0,-23.0,0.0,0.0,1.0,6.0,5.0,0.0,0.0,0.0,0.0,0.0,0.0,0.0,0.0,0.0,0.0,0.0,0.0,0.0,0.0,0.0,0.0,-3.0,-1.0,-3.0,0.0,0.0,0.0,0.0,0.0,,,,,,,,,,,,,,,,,,,,,,,,,,,,,,,,,,,,,,,,,,,,,,,,,,,,,,,,,,,,,,,,,,,,,,,,,,,,,,,,,,,,,,,,,,,,,,,,,,,,,,,,,,,,,,,,,,,,,,,,,,,,,,,,,,,,,,,,,,,,,,,,,,,,,,,,,,,,,,,,,,,,,,,,,,,,,,,,,,,,,,,,,,,,,,,,,,,,,,,
121,25.0,54.0,31.0,48.0,19.0,18.0,8.0,14.0,22.0,2.0,5.0,0.0,-12.0,-13.0,-21.0,-5.0,-17.0,-9.0,-18.0,-5.0,-24.0,-5.0,-18.0,-10.0,-42.0,-40.0,-42.0,-43.0,-50.0,-40.0,-35.0,-37.0,-76.0,-39.0,-60.0,-50.0,-32.0,-65.0,-58.0,-53.0,-62.0,-16.0,-49.0,-40.0,-39.0,-39.0,-32.0,-41.0,-66.0,-50.0,-46.0,-61.0,-87.0,-48.0,-118.0,-97.0,-154.0,-83.0,-153.0,-117.0,-286.0,-158.0,-178.0,-173.0,-202.0,-201.0,-199.0,-147.0,-145.0,-150.0,-99.0,-121.0,-150.0,-127.0,-65.0,-87.0,-102.0,-92.0,-170.0,-140.0,-142.0,-137.0,-340.0,-332.0,-425.0,-203.0,-174.0,-235.0,-274.0,-318.0,-333.0,-271.0,-313.0,-260.0,-609.0,-636.0,-770.0,-840.0,-968.0,-1194.0,-1194.0,-1273.0,-1297.0,-1226.0,-1442.0,-1442.0,-1529.0,-1785.0,-1786.0,-1793.0,-1804.0,-1793.0,-1795.0,,,,,,,,,,,,,,,,,,,,,,,,,,,,,,,,,,,,,,,,,,,,,,,,,,,,,,,,,,,,,,,,,,,,,,,,,,,,,,,,,,,,,,,,,,,,,,,,,,,,,,,,,,,,,,,,,,,,,,,,,,,,,,,,,,,,,,,,,,,,,,,,,,,,,,,,,,,,,,
122,,,,,,,,,,,,,,,,,,,,,,,,,,,,,,,,,,,,,,,,,,,,,,,,,,,,,,,,,,,,,,,,,,,,,,,,,,,,,,,,,,,,,,,,,,,,,,,,,,,,,,,,,,,,,,,,,,,,,,,,,,,,,,,,,,,,,,,,,,,,,,,,,,,,,,,,,,,,,,,,,,,,,,,,,,,,,,,,,,,,,,,,,,,,,,,,,,,,,,,,,,,,,,,,,,,,,,,,,,,,,,,,,,,,,,,,,,,,,,,,,,,,,,,,,,,,,,,,,,,,,,,,,,,,,,,
